"hospital_id","name","role","area","address","latitude","longitude","ipet_status","distance_km","distance_method","travel_minutes","travel_method","overall_score","home_doctor_score","dachshund_score","emergency_score","google_rating","google_review_count","phone","google_maps_url","website_url"
"uehara","上原どうぶつ病院","一般診療候補","川崎市宮前区","神奈川県川崎市宮前区菅生3-1-14","35.596058","139.553101","window_settlement","3.4","google_maps_driving_route","11","google_maps_driving_route","62","77","","","4.3","14","044-978-5260","https://www.google.com/maps/search/?api=1&query=35.596058%2C139.553101",""
"takada","タカダ動物病院","一般診療候補","川崎市宮前区","神奈川県川崎市宮前区馬絹2-5-2","35.581768","139.594971","window_settlement","3.3","google_maps_driving_route","10","google_maps_driving_route","64","78","","61","4.2","30","044-852-6446","https://www.google.com/maps/search/?api=1&query=35.581768%2C139.594971",""
"yuimaru","ゆいまーる動物病院","一般診療候補","川崎市宮前区","神奈川県川崎市宮前区東有馬3-5-28","35.57233","139.586899","window_settlement","5.7","google_maps_driving_route","15","google_maps_driving_route","61","75","","33","4.6","46","044-948-5462","https://www.google.com/maps/search/?api=1&query=35.572330%2C139.586899","https://www.yuimaruah.jp/"
"miyamaedaira","みやまえだいら動物病院","ホームドクター試行候補","川崎市宮前区","神奈川県川崎市宮前区宮前平1-4-142","35.584171","139.588074","window_settlement","3.4","google_maps_driving_route","11","google_maps_driving_route","71","84","","67","4.6","62","044-855-7061","https://www.google.com/maps/search/?api=1&query=35.584171%2C139.588074","https://miyamaedaira-ah.com/"
"root","ルート動物病院","近隣の整形・IVDD補完","川崎市宮前区","神奈川県川崎市宮前区宮崎6-8-7","35.590591","139.581665","window_settlement","2.6","google_maps_driving_route","8","google_maps_driving_route","70","80","63","67","4.1","44","044-863-5610","https://www.google.com/maps/search/?api=1&query=35.590591%2C139.581665","https://www.root-vc.com/"
"suzuki","鈴木ペットクリニック","最寄りホーム候補","川崎市宮前区","神奈川県川崎市宮前区神木本町2-4-1","35.601082","139.585907","window_settlement","0.28","google_maps_driving_route","2","google_maps_driving_route","70","81","","67","4.2","66","044-877-6745","https://www.google.com/maps/search/?api=1&query=35.601082%2C139.585907","https://www.suzuki-pc.com/"
"mullk","マルクペットクリニック","一般診療候補","川崎市宮前区","神奈川県川崎市宮前区菅生1-9-28-102","35.600735","139.553284","window_settlement","3.7","google_maps_driving_route","11","google_maps_driving_route","67","80","","56","4.3","29","044-982-1190","https://www.google.com/maps/search/?api=1&query=35.600735%2C139.553284","https://mullkpc2017.com/"
"murayama","村山動物病院","一般診療候補","川崎市宮前区","神奈川県川崎市宮前区水沢2-3-11","35.591618","139.545105","window_settlement","4.9","google_maps_driving_route","15","google_maps_driving_route","58","71","","33","4.2","15","044-977-8829","https://www.google.com/maps/search/?api=1&query=35.591618%2C139.545105","https://www.murayama-ah.com/"
"mominoki","かわさきもみの木動物病院","一般診療候補","川崎市高津区","神奈川県川崎市高津区下作延3-3-1","35.596539","139.600769","window_settlement","1.8","google_maps_driving_route","5","google_maps_driving_route","63","79","","44","4.4","40","044-870-5055","https://www.google.com/maps/search/?api=1&query=35.596539%2C139.600769","https://www.1122mominoki.net/"
"rika","りかペットクリニック","一般診療候補","川崎市高津区","神奈川県川崎市高津区久地4-11-47","35.610554","139.595261","window_settlement","4.5","google_maps_driving_route","12","google_maps_driving_route","55","69","","33","3.6","25","044-813-6522","https://www.google.com/maps/search/?api=1&query=35.610554%2C139.595261","https://rika-pet.com/"
"tachibana","たちばなペットクリニック","一般診療候補","川崎市高津区","神奈川県川崎市高津区新作4-3-17","35.588024","139.618866","window_settlement","4","google_maps_driving_route","12","google_maps_driving_route","61","78","","44","4.2","50","044-571-1788","https://www.google.com/maps/search/?api=1&query=35.588024%2C139.618866",""
"kurata","くらた動物病院","一般診療候補","川崎市高津区","神奈川県川崎市高津区二子5-3-6","35.602341","139.61763","window_settlement","4.3","google_maps_driving_route","14","google_maps_driving_route","56","68","","22","4.4","109","044-814-5521","https://www.google.com/maps/search/?api=1&query=35.602341%2C139.617630","https://kurata-vet.com/"
"tayama","田山獣医科病院","一般診療候補","川崎市高津区","神奈川県川崎市高津区下作延1-7-1","35.601646","139.606827","window_settlement","2.3","google_maps_driving_route","10","google_maps_driving_route","71","84","","56","4.5","51","044-822-2872","https://www.google.com/maps/search/?api=1&query=35.601646%2C139.606827","https://tayama-vet.com/"
"mizonokuchi","溝の口犬猫病院","一般診療候補","川崎市高津区","神奈川県川崎市高津区溝口4-18-30","35.604385","139.614517","window_settlement","3.6","google_maps_driving_route","11","google_maps_driving_route","60","75","","44","4.2","91","044-819-7927","https://www.google.com/maps/search/?api=1&query=35.604385%2C139.614517","https://mizonokuchi-ah.com/"
"watanabe","ワタナベ獣医科病院","一般診療候補","川崎市高津区","神奈川県川崎市高津区下作延3-14-37","35.59259","139.600555","window_settlement","2.4","google_maps_driving_route","9","google_maps_driving_route","60","79","","33","4.3","33","044-877-6106","https://www.google.com/maps/search/?api=1&query=35.592590%2C139.600555","https://jakobi5200.wixsite.com/watanabe-vet"
"jarmec-kawasaki","日本動物高度医療センター 川崎本院","高度医療・二次診療","川崎市高津区","神奈川県川崎市高津区久地2-5-8","35.612053","139.61171","needs_confirmation","4.6","google_maps_driving_route","14","google_maps_driving_route","72","67","96","44","4.1","404","044-850-1280","https://www.google.com/maps/search/?api=1&query=35.612053%2C139.611710","https://jarmec.jp/kawasaki/"
"kawasaki-night","川崎市獣医師会 夜間動物救急センター","夜間初期救急","川崎市高津区","神奈川県川崎市高津区久地2-5-8","35.612053","139.61171","needs_confirmation","4.6","google_maps_driving_route","14","google_maps_driving_route","51","74","8","56","4.2","60","044-811-9950","https://www.google.com/maps/search/?api=1&query=35.612053%2C139.611710","https://kvma9950.com/"
"amc","アニマルメディカルセンター","24時間・入院補完","川崎市（対象3区外）","神奈川県川崎市中原区新丸子東2-890-10","35.577827","139.66391","window_settlement","10.3","google_maps_driving_route","29","google_maps_driving_route","61","53","","100","3","272","044-411-9999","https://www.google.com/maps/search/?api=1&query=35.577827%2C139.663910","https://amc-japan.com/"
"yokohama-aoba","横浜青葉どうぶつ病院","専門・高度Provider","横浜市都筑区","神奈川県横浜市都筑区中川中央1-8-3","35.552036","139.577271","window_settlement","8.2","google_maps_driving_route","22","google_maps_driving_route","76","79","63","67","4.7","121","045-910-5500","https://www.google.com/maps/search/?api=1&query=35.552036%2C139.577271","https://www.yokohama-aoba.jp/"
"aoba-amc","青葉どうぶつ医療センター","整形・神経バックアップ","横浜市青葉区","神奈川県横浜市青葉区桂台1-2-10","35.548195","139.507248","window_settlement","13.2","google_maps_driving_route","22","google_maps_driving_route","86","80","88","100","4.8","78","045-500-9033","https://www.google.com/maps/search/?api=1&query=35.548195%2C139.507248","https://aoba-amc.com/"
"trva","TRVA動物医療センター","専門・高度Provider","東京都","東京都世田谷区深沢8-19-12 泉美ビル2F","35.62598","139.642883","needs_confirmation","7.4","google_maps_driving_route","14","google_maps_driving_route","69","66","63","100","","","03-5760-1212","https://www.google.com/maps/search/?api=1&query=TRVA%E5%8B%95%E7%89%A9%E5%8C%BB%E7%99%82%E3%82%BB%E3%83%B3%E3%82%BF%E3%83%BC","https://trva.jp/"
"camic-jonan","動物検診センター キャミック城南","専門・高度Provider","東京都","東京都世田谷区深沢8-19-12","35.62598","139.642883","needs_confirmation","7.4","google_maps_driving_route","14","google_maps_driving_route","42","53","","0","","","03-5752-5033","https://www.google.com/maps/search/?api=1&query=%E5%8B%95%E7%89%A9%E6%A4%9C%E8%A8%BA%E3%82%BB%E3%83%B3%E3%82%BF%E3%83%BC%20%E3%82%AD%E3%83%A3%E3%83%9F%E3%83%83%E3%82%AF%E5%9F%8E%E5%8D%97","https://camic.jp/"
"dvms-yokohama","DVMsどうぶつ医療センター横浜","専門・高度Provider","横浜市（対象2区外）","神奈川県横浜市神奈川区沢渡2-2 第二泉ビル2F","35.471062","139.618607","needs_confirmation","21","google_maps_driving_route","35","google_maps_driving_route","56","50","63","78","","","045-320-9099","https://www.google.com/maps/search/?api=1&query=DVMs%E3%81%A9%E3%81%86%E3%81%B6%E3%81%A4%E5%8C%BB%E7%99%82%E3%82%BB%E3%83%B3%E3%82%BF%E3%83%BC%E6%A8%AA%E6%B5%9C","https://yokohama-dvms.com/sp/"
"nvlu-amc","日本獣医生命科学大学付属動物医療センター","専門・高度Provider","東京都","東京都武蔵野市境南町1-7-1","35.701889","139.546646","needs_confirmation","15.2","google_maps_driving_route","55","google_maps_driving_route","52","32","83","22","","","0422-90-4000","https://www.google.com/maps/search/?api=1&query=%E6%97%A5%E6%9C%AC%E7%8D%A3%E5%8C%BB%E7%94%9F%E5%91%BD%E7%A7%91%E5%AD%A6%E5%A4%A7%E5%AD%A6%E4%BB%98%E5%B1%9E%E5%8B%95%E7%89%A9%E5%8C%BB%E7%99%82%E3%82%BB%E3%83%B3%E3%82%BF%E3%83%BC","https://www.nvlu.ac.jp/amedical/"
"utokyo-vmc","東京大学附属動物医療センター","専門・高度Provider","東京都","東京都文京区弥生1-1-1 東京大学弥生キャンパス","35.716991","139.760361","needs_confirmation","25.6","google_maps_driving_route","72","google_maps_driving_route","51","27","75","22","","","03-5841-5420","https://www.google.com/maps/search/?api=1&query=%E6%9D%B1%E4%BA%AC%E5%A4%A7%E5%AD%A6%E9%99%84%E5%B1%9E%E5%8B%95%E7%89%A9%E5%8C%BB%E7%99%82%E3%82%BB%E3%83%B3%E3%82%BF%E3%83%BC","https://www.vm.a.u-tokyo.ac.jp/vmc/"
"v2-miyamae-1qp67ya","宮崎台どうぶつ病院","一般診療候補","川崎市宮前区","神奈川県川崎市宮前区宮崎２丁目６−１１ A-108","35.5889941","139.5888645","needs_confirmation","1.6","haversine_straight_line","8","planning_estimate_from_straight_line","60","71","","","4.7","41","","https://www.google.com/maps/place/%E5%AE%AE%E5%B4%8E%E5%8F%B0%E3%81%A9%E3%81%86%E3%81%B6%E3%81%A4%E7%97%85%E9%99%A2/data=!4m7!3m6!1s0x6018f7d4a579e725:0x844fee384b460fff!8m2!3d35.5889941!4d139.5888645!16s%2Fg%2F11kb4n592d!19sChIJJed5pdT3GGAR_w9GSzjuT4Q?authuser=0&hl=ja&g_ep=EgoyMDI2MDgxOS4wIJJjKgBIAVAD&rclk=1",""
"v2-miyamae-k9ybtu","ヒナギク動物病院","一般診療候補","川崎市宮前区","神奈川県川崎市宮前区神木本町２丁目１−３ コスモハウス ２Ｆ","35.6009368","139.5820656","needs_confirmation","0.4","haversine_straight_line","4","planning_estimate_from_straight_line","60","71","","","5","9","","https://www.google.com/maps/place/%E3%83%92%E3%83%8A%E3%82%AE%E3%82%AF%E5%8B%95%E7%89%A9%E7%97%85%E9%99%A2/data=!4m7!3m6!1s0x6018f7b7fd4e9a25:0xdc642d6d18885861!8m2!3d35.6009368!4d139.5820656!16s%2Fg%2F11p17th19j!19sChIJJZpO_bf3GGARYViIGG0tZNw?authuser=0&hl=ja&g_ep=EgoyMDI2MDgxOS4wIJJjKgBIAVAD&rclk=1",""
"v2-miyamae-17e984k","森安動物病院","一般診療候補","川崎市宮前区","神奈川県川崎市宮前区鷺沼１丁目６−１２","35.5760074","139.5750857","needs_confirmation","3.2","haversine_straight_line","13","planning_estimate_from_straight_line","55","62","","","4.2","147","","https://www.google.com/maps/place/%E6%A3%AE%E5%AE%89%E5%8B%95%E7%89%A9%E7%97%85%E9%99%A2/data=!4m7!3m6!1s0x6018f6f9401898c7:0x7ad0ffc79b4be7a9!8m2!3d35.5760074!4d139.5750857!16s%2Fg%2F1tczqdh8!19sChIJx5gYQPn2GGARqedLm8f_0Ho?authuser=0&hl=ja&g_ep=EgoyMDI2MDgxOS4wIJJjKgBIAVAD&rclk=1",""
"v2-miyamae-67fj94","内田動物病院","一般診療候補","川崎市宮前区","神奈川県川崎市宮前区初山２丁目１−１１","35.599471","139.5653008","needs_confirmation","1.9","haversine_straight_line","9","planning_estimate_from_straight_line","57","67","","","4.4","30","","https://www.google.com/maps/place/%E5%86%85%E7%94%B0%E5%8B%95%E7%89%A9%E7%97%85%E9%99%A2/data=!4m7!3m6!1s0x6018f729134ffaf3:0xc3ad1eaff8e638e2!8m2!3d35.599471!4d139.5653008!16s%2Fg%2F1tnqh0lc!19sChIJ8_pPEyn3GGAR4jjm-K8ercM?authuser=0&hl=ja&g_ep=EgoyMDI2MDgxOS4wIJJjKgBIAVAD&rclk=1",""
"v2-miyamae-1cva857","にし動物病院","一般診療候補","川崎市宮前区","神奈川県川崎市宮前区犬蔵２丁目２−１５","35.5857226","139.5662588","needs_confirmation","2.6","haversine_straight_line","11","planning_estimate_from_straight_line","56","63","","","4.3","27","","https://www.google.com/maps/place/%E3%81%AB%E3%81%97%E5%8B%95%E7%89%A9%E7%97%85%E9%99%A2/data=!4m7!3m6!1s0x6018f71fa75a247f:0x48309bf90e1961a4!8m2!3d35.5857226!4d139.5662588!16s%2Fg%2F1vppsknq!19sChIJfyRapx_3GGARpGEZDvmbMEg?authuser=0&hl=ja&g_ep=EgoyMDI2MDgxOS4wIJJjKgBIAVAD&rclk=1",""
"v2-miyamae-1tcvgoq","ALLONE動物病院 さぎ沼病院","一般診療候補","川崎市宮前区","神奈川県川崎市宮前区有馬８丁目７−１１ ペットフォレストさぎ沼店２Ｆ","35.5749881","139.5764564","needs_confirmation","3.2","haversine_straight_line","13","planning_estimate_from_straight_line","55","62","","","4.2","64","","https://www.google.com/maps/place/ALLONE%E5%8B%95%E7%89%A9%E7%97%85%E9%99%A2+%E3%81%95%E3%81%8E%E6%B2%BC%E7%97%85%E9%99%A2/data=!4m7!3m6!1s0x6018f6f900f0d157:0xef817fbbcff45106!8m2!3d35.5749881!4d139.5764564!16s%2Fg%2F1v27vjt8!19sChIJV9HwAPn2GGARBlH0z7t_ge8?authuser=0&hl=ja&g_ep=EgoyMDI2MDgxOS4wIJJjKgBIAVAD&rclk=1",""
"v2-miyamae-yv6y6s","たじま 動物病院","一般診療候補","川崎市宮前区","神奈川県川崎市宮前区南平台２−１８","35.5947105","139.5711208","needs_confirmation","1.6","haversine_straight_line","8","planning_estimate_from_straight_line","55","63","","","4","31","","https://www.google.com/maps/place/%E3%81%9F%E3%81%98%E3%81%BE+%E5%8B%95%E7%89%A9%E7%97%85%E9%99%A2/data=!4m7!3m6!1s0x6018f6d8ded5aaab:0xf6ee4e89d6e445b!8m2!3d35.5947105!4d139.5711208!16s%2Fg%2F11c1_vsv8j!19sChIJq6rV3tj2GGARW0Runejkbg8?authuser=0&hl=ja&g_ep=EgoyMDI2MDgxOS4wIJJjKgBIAVAD&rclk=1",""
"v2-miyamae-1j5wd9p","ポー・リー動物病院","一般診療候補","川崎市宮前区","神奈川県川崎市宮前区馬絹３丁目２０−２５","35.5775399","139.5951033","needs_confirmation","3","haversine_straight_line","12","planning_estimate_from_straight_line","53","59","","","4","68","","https://www.google.com/maps/place/%E3%83%9D%E3%83%BC%E3%83%BB%E3%83%AA%E3%83%BC%E5%8B%95%E7%89%A9%E7%97%85%E9%99%A2/data=!4m7!3m6!1s0x6018f663c5ca9bfd:0x9f79561b9c43800c!8m2!3d35.5775399!4d139.5951033!16s%2Fg%2F1tcv6b_9!19sChIJ_ZvKxWP2GGARDIBDnBtWeZ8?authuser=0&hl=ja&g_ep=EgoyMDI2MDgxOS4wIJJjKgBIAVAD&rclk=1",""
"v2-miyamae-2ntuv9","グラン動物病院","一般診療候補","川崎市宮前区","神奈川県川崎市宮前区東有馬３丁目１９−３","35.5715917","139.5940852","needs_confirmation","3.6","haversine_straight_line","14","planning_estimate_from_straight_line","50","55","","","3.4","23","","https://www.google.com/maps/place/%E3%82%B0%E3%83%A9%E3%83%B3%E5%8B%95%E7%89%A9%E7%97%85%E9%99%A2/data=!4m7!3m6!1s0x6018f665e2baa857:0x6702d3d313543691!8m2!3d35.5715917!4d139.5940852!16s%2Fg%2F1tf02j0g!19sChIJV6i64mX2GGARkTZUE9PTAmc?authuser=0&hl=ja&g_ep=EgoyMDI2MDgxOS4wIJJjKgBIAVAD&rclk=1",""
"v2-miyamae-1fsxf2o","有馬動物病院","一般診療候補","川崎市宮前区","神奈川県川崎市宮前区東有馬２丁目３５−５３","35.5738112","139.5912672","needs_confirmation","3.3","haversine_straight_line","13","planning_estimate_from_straight_line","55","61","","","4.1","11","","https://www.google.com/maps/place/%E6%9C%89%E9%A6%AC%E5%8B%95%E7%89%A9%E7%97%85%E9%99%A2/data=!4m7!3m6!1s0x6018f667258ed8d7:0x93431a2af644c883!8m2!3d35.5738112!4d139.5912672!16s%2Fg%2F1tfkfmqf!19sChIJ19iOJWf2GGARg8hE9ioaQ5M?authuser=0&hl=ja&g_ep=EgoyMDI2MDgxOS4wIJJjKgBIAVAD&rclk=1",""
"v2-takatsu-1u3u3tv","坂戸動物病院","一般診療候補","川崎市高津区","神奈川県川崎市高津区坂戸２丁目１−３","35.5978243","139.6236732","needs_confirmation","3.5","haversine_straight_line","14","planning_estimate_from_straight_line","55","62","","","4.2","19","044-850-1787","https://www.google.com/maps/place/%E5%9D%82%E6%88%B8%E5%8B%95%E7%89%A9%E7%97%85%E9%99%A2/data=!4m7!3m6!1s0x6018f5f90dae1cf1:0x2907eb1889abb26f!8m2!3d35.5978243!4d139.6236732!16s%2Fg%2F11g0sqc2z8!19sChIJ8RyuDfn1GGARb7KriRjrByk?authuser=0&hl=ja&g_ep=EgoyMDI2MDgxOS4wIJJjKgBIAVAD&rclk=1",""
"v2-takatsu-e8z065","獣医科市岡医院","一般診療候補","川崎市高津区","神奈川県川崎市高津区末長１丁目３７−２２","35.5889099","139.6077695","needs_confirmation","2.6","haversine_straight_line","11","planning_estimate_from_straight_line","56","64","","","4.4","20","044-866-3691","https://www.google.com/maps/place/%E7%8D%A3%E5%8C%BB%E7%A7%91%E5%B8%82%E5%B2%A1%E5%8C%BB%E9%99%A2/data=!4m7!3m6!1s0x6018f681bc564e99:0xe64e3ac269937e9f!8m2!3d35.5889099!4d139.6077695!16s%2Fg%2F1ttpgygq!19sChIJmU5WvIH2GGARn36TacI6TuY?authuser=0&hl=ja&g_ep=EgoyMDI2MDgxOS4wIJJjKgBIAVAD&rclk=1",""
"v2-takatsu-jdywf3","田園動物病院","一般診療候補","川崎市高津区","神奈川県川崎市高津区子母口３０９ 田園ハイツ","35.5715828","139.6316328","needs_confirmation","5.5","haversine_straight_line","20","planning_estimate_from_straight_line","58","64","","","4.7","27","044-751-3600","https://www.google.com/maps/place/%E7%94%B0%E5%9C%92%E5%8B%95%E7%89%A9%E7%97%85%E9%99%A2/data=!4m7!3m6!1s0x6018f5936f268a27:0xb7d0591e66819b34!8m2!3d35.5715828!4d139.6316328!16s%2Fg%2F1tcwg07v!19sChIJJ4omb5P1GGARNJuBZh5Z0Lc?authuser=0&hl=ja&g_ep=EgoyMDI2MDgxOS4wIJJjKgBIAVAD&rclk=1",""
"v2-takatsu-1s32g9v","つだやま動物病院","一般診療候補","川崎市高津区","神奈川県川崎市高津区久地４丁目２４−３７ サンライズ８８ 102号","35.609446","139.5946655","needs_confirmation","1.1","haversine_straight_line","6","planning_estimate_from_straight_line","54","62","","","3.7","11","044-814-1249","https://www.google.com/maps/place/%E3%81%A4%E3%81%A0%E3%82%84%E3%81%BE%E5%8B%95%E7%89%A9%E7%97%85%E9%99%A2/data=!4m7!3m6!1s0x6018f6b0cee12c27:0x8049b65299620c2c!8m2!3d35.609446!4d139.5946655!16s%2Fg%2F1tflxy9t!19sChIJJyzhzrD2GGARLAximVK2SYA?authuser=0&hl=ja&g_ep=EgoyMDI2MDgxOS4wIJJjKgBIAVAD&rclk=1",""
"v2-takatsu-1dkakw7","くどう動物病院","一般診療候補","川崎市高津区","神奈川県川崎市高津区上作延２５−１４６−１９ 関本屋ビル","35.5999373","139.5945545","needs_confirmation","0.9","haversine_straight_line","6","planning_estimate_from_straight_line","55","64","","","4","4","044-856-2460","https://www.google.com/maps/place/%E3%81%8F%E3%81%A9%E3%81%86%E5%8B%95%E7%89%A9%E7%97%85%E9%99%A2/data=!4m7!3m6!1s0x6018f6bdde761d3d:0xc08828689c8f5ec!8m2!3d35.5999373!4d139.5945545!16s%2Fg%2F1tdqbmbl!19sChIJPR123r32GGAR7PXIiYaCCAw?authuser=0&hl=ja&g_ep=EgoyMDI2MDgxOS4wIJJjKgBIAVAD&rclk=1",""
"v2-tama-k12it9","トレア動物病院","一般診療候補","川崎市多摩区","神奈川県川崎市多摩区生田２丁目３−４","35.6251529","139.5469735","needs_confirmation","4.3","haversine_straight_line","16","planning_estimate_from_straight_line","57","63","","","4.5","123","044-396-1100","https://www.google.com/maps/place/%E3%83%88%E3%83%AC%E3%82%A2%E5%8B%95%E7%89%A9%E7%97%85%E9%99%A2/data=!4m7!3m6!1s0x6018f0929f21c3b5:0xa959dfea7083923a!8m2!3d35.6251529!4d139.5469735!16s%2Fg%2F11c3k53_qj!19sChIJtcMhn5LwGGAROpKDcOrfWak?authuser=0&hl=ja&g_ep=EgoyMDI2MDgxOS4wIJJjKgBIAVAD&rclk=1",""
"v2-tama-1x6pk2j","せいた動物病院","一般診療候補","川崎市多摩区","神奈川県川崎市多摩区枡形３丁目２−１６","35.6166017","139.5567315","window_settlement","3","haversine_straight_line","12","planning_estimate_from_straight_line","64","72","","","4.7","128","044-271-8111","https://www.google.com/maps/place/%E3%81%9B%E3%81%84%E3%81%9F%E5%8B%95%E7%89%A9%E7%97%85%E9%99%A2/data=!4m7!3m6!1s0x6018f0c36d1c6df7:0x483c1cf3d952ac2!8m2!3d35.6166017!4d139.5567315!16s%2Fg%2F1tggtkjh!19sChIJ920cbcPwGGARwiqVPc_BgwQ?authuser=0&hl=ja&g_ep=EgoyMDI2MDgxOS4wIJJjKgBIAVAD&rclk=1",""
"v2-tama-ng8d1b","登戸動物医療センター","一般診療候補","川崎市多摩区","神奈川県川崎市多摩区登戸2576ｰ1","35.6191878","139.568861","window_settlement","2.3","haversine_straight_line","10","planning_estimate_from_straight_line","62","71","","","4.5","53","044-455-7460","https://www.google.com/maps/place/%E7%99%BB%E6%88%B8%E5%8B%95%E7%89%A9%E5%8C%BB%E7%99%82%E3%82%BB%E3%83%B3%E3%82%BF%E3%83%BC/data=!4m7!3m6!1s0x6018f14bb48e7e5b:0x97d028eacda410b7!8m2!3d35.6191878!4d139.568861!16s%2Fg%2F11wc0v0t5b!19sChIJW36OtEvxGGARtxCkzeoo0Jc?authuser=0&hl=ja&g_ep=EgoyMDI2MDgxOS4wIJJjKgBIAVAD&rclk=1",""
"v2-tama-14fkcss","中野島動物病院","一般診療候補","川崎市多摩区","神奈川県川崎市多摩区中野島４丁目１０−２","35.630701","139.55776","window_settlement","4","haversine_straight_line","15","planning_estimate_from_straight_line","55","60","","","3.7","25","044-911-3521","https://www.google.com/maps/place/%E4%B8%AD%E9%87%8E%E5%B3%B6%E5%8B%95%E7%89%A9%E7%97%85%E9%99%A2/data=!4m7!3m6!1s0x6018f0f01253c0d1:0xac4ad0276e1f668b!8m2!3d35.630701!4d139.55776!16s%2Fg%2F1tm8f068!19sChIJ0cBTEvDwGGARi2YfbifQSqw?authuser=0&hl=ja&g_ep=EgoyMDI2MDgxOS4wIJJjKgBIAVAD&rclk=1",""
"v2-tama-ps56kl","たま動物医療センター","一般診療候補","川崎市多摩区","神奈川県川崎市多摩区菅北浦１丁目２−１２","35.6313132","139.5358647","window_settlement","5.5","haversine_straight_line","20","planning_estimate_from_straight_line","54","57","","","3.9","74","044-944-2068","https://www.google.com/maps/place/%E3%81%9F%E3%81%BE%E5%8B%95%E7%89%A9%E5%8C%BB%E7%99%82%E3%82%BB%E3%83%B3%E3%82%BF%E3%83%BC/data=!4m7!3m6!1s0x6018f07d0b0c556b:0xa0f02ffb7ec01108!8m2!3d35.6313132!4d139.5358647!16s%2Fg%2F1v83141x!19sChIJa1UMC33wGGARCBHAfvsv8KA?authuser=0&hl=ja&g_ep=EgoyMDI2MDgxOS4wIJJjKgBIAVAD&rclk=1",""
"v2-tama-jyn94k","はやしばら動物病院","一般診療候補","川崎市多摩区","神奈川県川崎市多摩区長沢２丁目２−１","35.602537","139.545652","window_settlement","3.6","haversine_straight_line","14","planning_estimate_from_straight_line","64","72","","","4.8","55","044-789-8009","https://www.google.com/maps/place/%E3%81%AF%E3%82%84%E3%81%97%E3%81%B0%E3%82%89%E5%8B%95%E7%89%A9%E7%97%85%E9%99%A2/data=!4m7!3m6!1s0x6018f0b67d0e3565:0xa2fea580cb9c2535!8m2!3d35.602537!4d139.545652!16s%2Fg%2F1thvsr0r!19sChIJZTUOfbbwGGARNSWcy4Cl_qI?authuser=0&hl=ja&g_ep=EgoyMDI2MDgxOS4wIJJjKgBIAVAD&rclk=1",""
"v2-tama-sanjar","ARどうぶつ病院","一般診療候補","川崎市多摩区","神奈川県川崎市多摩区登戸２１８２番地 ｢ポルテボヌール １階｣","35.6197812","139.5648354","needs_confirmation","2.6","haversine_straight_line","11","planning_estimate_from_straight_line","51","56","","","3.7","41","044-900-1122","https://www.google.com/maps/place/AR%E3%81%A9%E3%81%86%E3%81%B6%E3%81%A4%E7%97%85%E9%99%A2/data=!4m7!3m6!1s0x6018f0debf415555:0x5d500094cd605ea2!8m2!3d35.6197812!4d139.5648354!16s%2Fg%2F11g902sfy9!19sChIJVVVBv97wGGARol5gzZQAUF0?authuser=0&hl=ja&g_ep=EgoyMDI2MDgxOS4wIJJjKgBIAVAD&rclk=1",""
"v2-tama-xkeoqw","ぬまた動物病院","一般診療候補","川崎市多摩区","神奈川県川崎市多摩区菅馬場２丁目２９−９","35.6239559","139.5365288","needs_confirmation","5","haversine_straight_line","18","planning_estimate_from_straight_line","57","63","","","4.6","31","044-944-2555","https://www.google.com/maps/place/%E3%81%AC%E3%81%BE%E3%81%9F%E5%8B%95%E7%89%A9%E7%97%85%E9%99%A2/data=!4m7!3m6!1s0x6018f085a4be7dd7:0xd4db6a256f906a0a!8m2!3d35.6239559!4d139.5365288!16s%2Fg%2F1vfwcx11!19sChIJ132-pIXwGGARCmqQbyVq29Q?authuser=0&hl=ja&g_ep=EgoyMDI2MDgxOS4wIJJjKgBIAVAD&rclk=1",""
"v2-tama-hrbs94","オダガワ動物病院","一般診療候補","川崎市多摩区","神奈川県川崎市多摩区登戸２３８３番地７ フォンティーヌあずま Ⅱ１階","35.6209004","139.5668329","window_settlement","2.6","haversine_straight_line","11","planning_estimate_from_straight_line","59","65","","","4.3","39","044-900-8588","https://www.google.com/maps/place/%E3%82%AA%E3%83%80%E3%82%AC%E3%83%AF%E5%8B%95%E7%89%A9%E7%97%85%E9%99%A2/data=!4m7!3m6!1s0x6018f19cb5a78971:0x7ae7a86f60fb6f31!8m2!3d35.6209004!4d139.5668329!16s%2Fg%2F11m5jdhq7l!19sChIJcYmntZzxGGARMW_7YG-o53o?authuser=0&hl=ja&g_ep=EgoyMDI2MDgxOS4wIJJjKgBIAVAD&rclk=1",""
"v2-tama-17pvegk","みやの動物病院","一般診療候補","川崎市多摩区","神奈川県川崎市多摩区枡形１丁目１−２６","35.619845","139.5535955","needs_confirmation","3.4","haversine_straight_line","13","planning_estimate_from_straight_line","55","62","","","4.2","19","044-930-5318","https://www.google.com/maps/place/%E3%81%BF%E3%82%84%E3%81%AE%E5%8B%95%E7%89%A9%E7%97%85%E9%99%A2/data=!4m7!3m6!1s0x6018f0e9f5a92813:0xf133f8e751e92a29!8m2!3d35.619845!4d139.5535955!16s%2Fg%2F1td8z4l8!19sChIJEyip9enwGGARKSrpUef4M_E?authuser=0&hl=ja&g_ep=EgoyMDI2MDgxOS4wIJJjKgBIAVAD&rclk=1",""
"v2-tama-474ff6","ファミリー動物病院","一般診療候補","川崎市多摩区","神奈川県川崎市多摩区三田４丁目１０−２８","35.6108022","139.5409731","needs_confirmation","4.1","haversine_straight_line","15","planning_estimate_from_straight_line","55","62","","","4","1","044-933-9989","https://www.google.com/maps/place/%E3%83%95%E3%82%A1%E3%83%9F%E3%83%AA%E3%83%BC%E5%8B%95%E7%89%A9%E7%97%85%E9%99%A2/data=!4m7!3m6!1s0x6018f1001830ad01:0xe2d1d4abc714aec5!8m2!3d35.6108022!4d139.5409731!16s%2Fg%2F11z0xts6rh!19sChIJAa0wGADxGGARxa4Ux6vU0eI?authuser=0&hl=ja&g_ep=EgoyMDI2MDgxOS4wIJJjKgBIAVAD&rclk=1",""
"v2-tama-1kosae1","やなぎペットクリニック","一般診療候補","川崎市多摩区","神奈川県川崎市多摩区布田２３−２１","35.63102","139.54722","needs_confirmation","4.6","haversine_straight_line","17","planning_estimate_from_straight_line","56","62","","","4.5","21","044-949-5770","https://www.google.com/maps/place/%E3%82%84%E3%81%AA%E3%81%8E%E3%83%9A%E3%83%83%E3%83%88%E3%82%AF%E3%83%AA%E3%83%8B%E3%83%83%E3%82%AF/data=!4m7!3m6!1s0x6018f08b41a4112f:0xbca8c3b706572d22!8m2!3d35.63102!4d139.54722!16s%2Fg%2F1vp6_6b_!19sChIJLxGkQYvwGGARIi1XBrfDqLw?authuser=0&hl=ja&g_ep=EgoyMDI2MDgxOS4wIJJjKgBIAVAD&rclk=1",""
"v2-tama-h6quj9","NINO動物病院","一般診療候補","川崎市多摩区","神奈川県川崎市多摩区西生田４丁目３−２９","35.6144812","139.5265932","needs_confirmation","5.5","haversine_straight_line","20","planning_estimate_from_straight_line","56","62","","","4.5","26","044-982-4422","https://www.google.com/maps/place/NINO%E5%8B%95%E7%89%A9%E7%97%85%E9%99%A2/data=!4m7!3m6!1s0x6018fa76499ec3a7:0xc09012e6d2391904!8m2!3d35.6144812!4d139.5265932!16s%2Fg%2F1vxz9ny6!19sChIJp8OeSXb6GGARBBk50uYSkMA?authuser=0&hl=ja&g_ep=EgoyMDI2MDgxOS4wIJJjKgBIAVAD&rclk=1",""
"v2-tama-yd59wi","荒川動物病院","一般診療候補","川崎市多摩区","神奈川県川崎市多摩区東生田２丁目１５−１５","35.6107286","139.5632792","needs_confirmation","2.2","haversine_straight_line","10","planning_estimate_from_straight_line","55","64","","","4","8","","https://www.google.com/maps/place/%E8%8D%92%E5%B7%9D%E5%8B%95%E7%89%A9%E7%97%85%E9%99%A2/data=!4m7!3m6!1s0x6018f1302dbe70c1:0xde227f339e22039a!8m2!3d35.6107286!4d139.5632792!16s%2Fg%2F11ssh4ccd7!19sChIJwXC-LTDxGGARmgMinjN_It4?authuser=0&hl=ja&g_ep=EgoyMDI2MDgxOS4wIJJjKgBIAVAD&rclk=1",""
"v2-tama-gcj63h","ノワール動物病院","一般診療候補","川崎市多摩区","神奈川県川崎市多摩区西生田２丁目６−７ 西川ビル","35.6150256","139.536984","window_settlement","4.6","haversine_straight_line","17","planning_estimate_from_straight_line","51","52","","","3.3","29","044-959-0102","https://www.google.com/maps/place/%E3%83%8E%E3%83%AF%E3%83%BC%E3%83%AB%E5%8B%95%E7%89%A9%E7%97%85%E9%99%A2/data=!4m7!3m6!1s0x6018f099c7fb0e97:0x8098d3997ae38e9c!8m2!3d35.6150256!4d139.536984!16s%2Fg%2F1hc45l_dd!19sChIJlw77x5nwGGARnI7jepnTmIA?authuser=0&hl=ja&g_ep=EgoyMDI2MDgxOS4wIJJjKgBIAVAD&rclk=1",""
"v2-tama-ri4z2p","吉村動物病院","一般診療候補","川崎市多摩区","神奈川県川崎市多摩区長尾１丁目１８−２","35.6123545","139.5741882","window_settlement","1.4","haversine_straight_line","7","planning_estimate_from_straight_line","60","69","","","4.5","8","044-932-5030","https://www.google.com/maps/place/%E5%90%89%E6%9D%91%E5%8B%95%E7%89%A9%E7%97%85%E9%99%A2/data=!4m7!3m6!1s0x6018f16797f6b249:0x604040d6ff107c50!8m2!3d35.6123545!4d139.5741882!16s%2Fg%2F11vkn9w36y!19sChIJSbL2l2fxGGARUHwQ_9ZAQGA?authuser=0&hl=ja&g_ep=EgoyMDI2MDgxOS4wIJJjKgBIAVAD&rclk=1",""
"v2-tama-t4tvqf","桑原動物病院","一般診療候補","川崎市多摩区","神奈川県川崎市多摩区長沢４丁目４１−２０ ペディグリー・ワン","35.5981196","139.5318649","needs_confirmation","4.9","haversine_straight_line","18","planning_estimate_from_straight_line","55","59","","","4.3","15","044-953-5102","https://www.google.com/maps/place/%E6%A1%91%E5%8E%9F%E5%8B%95%E7%89%A9%E7%97%85%E9%99%A2/data=!4m7!3m6!1s0x6018f0a922bb8f09:0x3b79dbe1f1a665c3!8m2!3d35.5981196!4d139.5318649!16s%2Fg%2F1tfn2s93!19sChIJCY-7IqnwGGARw2Wm8eHbeTs?authuser=0&hl=ja&g_ep=EgoyMDI2MDgxOS4wIJJjKgBIAVAD&rclk=1",""
"v2-tama-q8jwjr","獣医科工藤医院","一般診療候補","川崎市多摩区","神奈川県川崎市多摩区登戸２５８３","35.61922","139.5678409","window_settlement","2.4","haversine_straight_line","10","planning_estimate_from_straight_line","59","67","","","4.2","5","","https://www.google.com/maps/place/%E7%8D%A3%E5%8C%BB%E7%A7%91%E5%B7%A5%E8%97%A4%E5%8C%BB%E9%99%A2/data=!4m7!3m6!1s0x6018f16a0386a017:0x6e74069fff42d506!8m2!3d35.61922!4d139.5678409!16s%2Fg%2F11kpznqf36!19sChIJF6CGA2rxGGARBtVC_58GdG4?authuser=0&hl=ja&g_ep=EgoyMDI2MDgxOS4wIJJjKgBIAVAD&rclk=1",""
"v2-tama-9q97m5","稲田堤動物病院","一般診療候補","川崎市多摩区","神奈川県川崎市多摩区菅２丁目３−１","35.6329946","139.5344233","needs_confirmation","5.7","haversine_straight_line","20","planning_estimate_from_straight_line","51","55","","","3.6","12","044-944-2047","https://www.google.com/maps/place/%E7%A8%B2%E7%94%B0%E5%A0%A4%E5%8B%95%E7%89%A9%E7%97%85%E9%99%A2/data=!4m7!3m6!1s0x6018f07c147eeb3f:0xfaf96fed04d351b6!8m2!3d35.6329946!4d139.5344233!16s%2Fg%2F1thx8nf_!19sChIJP-t-FHzwGGARtlHTBO1v-fo?authuser=0&hl=ja&g_ep=EgoyMDI2MDgxOS4wIJJjKgBIAVAD&rclk=1",""
"v2-aoba-1ppfo8m","ひなた動物病院","一般診療候補","横浜市青葉区","神奈川県横浜市青葉区新石川２丁目３２−７","35.5689088","139.5610749","window_settlement","4.4","haversine_straight_line","16","planning_estimate_from_straight_line","59","64","","","4.4","43","045-508-9720","https://www.google.com/maps/place/%E3%81%B2%E3%81%AA%E3%81%9F%E5%8B%95%E7%89%A9%E7%97%85%E9%99%A2/data=!4m7!3m6!1s0x6018f7f3ccc8215b:0x58bd012d0b0597f1!8m2!3d35.5689088!4d139.5610749!16s%2Fg%2F11fsj63pn7!19sChIJWyHIzPP3GGAR8ZcFCy0BvVg?authuser=0&hl=ja&g_ep=EgoyMDI2MDgxOS4wIJJjKgBIAVAD&rclk=1",""
"v2-aoba-1lhrvsi","中田動物病院","一般診療候補","横浜市青葉区","神奈川県横浜市青葉区元石川町７５１３","35.5869379","139.5425485","window_settlement","4.3","haversine_straight_line","16","planning_estimate_from_straight_line","60","64","","","4.4","179","045-903-1777","https://www.google.com/maps/place/%E4%B8%AD%E7%94%B0%E5%8B%95%E7%89%A9%E7%97%85%E9%99%A2/data=!4m7!3m6!1s0x6018f74f5840683f:0x93e5a20885277cb3!8m2!3d35.5869379!4d139.5425485!16s%2Fg%2F1tp_6fdz!19sChIJP2hAWE_3GGARs3wnhQii5ZM?authuser=0&hl=ja&g_ep=EgoyMDI2MDgxOS4wIJJjKgBIAVAD&rclk=1",""
"v2-aoba-uqd0ns","Luluどうぶつ病院","一般診療候補","横浜市青葉区","神奈川県横浜市青葉区美しが丘１丁目10−１３ USビル 2階","35.5787901","139.5558657","window_settlement","3.8","haversine_straight_line","14","planning_estimate_from_straight_line","62","69","","","4.6","34","045-500-9472","https://www.google.com/maps/place/Lulu%E3%81%A9%E3%81%86%E3%81%B6%E3%81%A4%E7%97%85%E9%99%A2/data=!4m7!3m6!1s0x6018f7167aec4b4d:0x41038a61f99380b6!8m2!3d35.5787901!4d139.5558657!16s%2Fg%2F11h0ms67mk!19sChIJTUvsehb3GGARtoCT-WGKA0E?authuser=0&hl=ja&g_ep=EgoyMDI2MDgxOS4wIJJjKgBIAVAD&rclk=1",""
"v2-aoba-18dwe0i","ペットクリニックいしかわ","一般診療候補","横浜市青葉区","神奈川県横浜市青葉区荏子田３丁目１２−６","35.574054","139.533096","needs_confirmation","5.7","haversine_straight_line","20","planning_estimate_from_straight_line","57","63","","","4.6","25","045-904-1588","https://www.google.com/maps/place/%E3%83%9A%E3%83%83%E3%83%88%E3%82%AF%E3%83%AA%E3%83%8B%E3%83%83%E3%82%AF%E3%81%84%E3%81%97%E3%81%8B%E3%82%8F/data=!4m7!3m6!1s0x6018f75dfe2b2fef:0x5592a09ae44b4e21!8m2!3d35.574054!4d139.533096!16s%2Fg%2F1tdl1lyg!19sChIJ7y8r_l33GGARIU5L5JqgklU?authuser=0&hl=ja&g_ep=EgoyMDI2MDgxOS4wIJJjKgBIAVAD&rclk=1",""
"v2-aoba-1mc3mnq","あざみ野どうぶつ医療センター","一般診療候補","横浜市青葉区","神奈川県横浜市青葉区美しが丘５丁目１３−１","35.5732809","139.554987","window_settlement","4.3","haversine_straight_line","16","planning_estimate_from_straight_line","60","65","","","4.5","49","045-530-5300","https://www.google.com/maps/place/%E3%81%82%E3%81%96%E3%81%BF%E9%87%8E%E3%81%A9%E3%81%86%E3%81%B6%E3%81%A4%E5%8C%BB%E7%99%82%E3%82%BB%E3%83%B3%E3%82%BF%E3%83%BC/data=!4m7!3m6!1s0x6018f71494a575ed:0x5ca0e87a2838227f!8m2!3d35.5732809!4d139.554987!16s%2Fg%2F11fls60l46!19sChIJ7XWllBT3GGARfyI4KHrooFw?authuser=0&hl=ja&g_ep=EgoyMDI2MDgxOS4wIJJjKgBIAVAD&rclk=1",""
"v2-aoba-272ksh","あおばペットクリニック","一般診療候補","横浜市青葉区","神奈川県横浜市青葉区たちばな台２丁目2−３３","35.5532125","139.5129199","window_settlement","8.6","haversine_straight_line","29","planning_estimate_from_straight_line","59","61","","","4.6","36","045-530-5115","https://www.google.com/maps/place/%E3%81%82%E3%81%8A%E3%81%B0%E3%83%9A%E3%83%83%E3%83%88%E3%82%AF%E3%83%AA%E3%83%8B%E3%83%83%E3%82%AF/data=!4m7!3m6!1s0x6018f9c934ccb509:0x58f9e44e99948c07!8m2!3d35.5532125!4d139.5129199!16s%2Fg%2F11c7w1t71c!19sChIJCbXMNMn5GGARB4yUmU7k-Vg?authuser=0&hl=ja&g_ep=EgoyMDI2MDgxOS4wIJJjKgBIAVAD&rclk=1",""
"v2-aoba-ruzpry","井本動物病院","一般診療候補","横浜市青葉区","神奈川県横浜市青葉区美しが丘５丁目２９−１１","35.575129","139.5495254","window_settlement","4.5","haversine_straight_line","17","planning_estimate_from_straight_line","59","64","","","4.4","39","045-902-3134","https://www.google.com/maps/place/%E4%BA%95%E6%9C%AC%E5%8B%95%E7%89%A9%E7%97%85%E9%99%A2/data=!4m7!3m6!1s0x6018f71342375505:0xabb35139e12643fe!8m2!3d35.575129!4d139.5495254!16s%2Fg%2F1wnf12kb!19sChIJBVU3QhP3GGAR_kMm4TlRs6s?authuser=0&hl=ja&g_ep=EgoyMDI2MDgxOS4wIJJjKgBIAVAD&rclk=1",""
"v2-aoba-dyq11y","すすきの動物病院","一般診療候補","横浜市青葉区","神奈川県横浜市青葉区すすき野３丁目７−３ 光陽ビル 202","35.5796417","139.5275603","window_settlement","5.9","haversine_straight_line","21","planning_estimate_from_straight_line","59","61","","","4.5","114","045-904-2066","https://www.google.com/maps/place/%E3%81%99%E3%81%99%E3%81%8D%E3%81%AE%E5%8B%95%E7%89%A9%E7%97%85%E9%99%A2/data=!4m7!3m6!1s0x6018f9e29891d721:0x369451c750babf7e!8m2!3d35.5796417!4d139.5275603!16s%2Fg%2F1tj45z41!19sChIJIdeRmOL5GGARfr-6UMdRlDY?authuser=0&hl=ja&g_ep=EgoyMDI2MDgxOS4wIJJjKgBIAVAD&rclk=1",""
"v2-aoba-1w1iqyy","ベルジェ動物病院","一般診療候補","横浜市青葉区","神奈川県横浜市青葉区つつじが丘２４−２１","35.5374096","139.5173794","window_settlement","9.6","haversine_straight_line","32","planning_estimate_from_straight_line","54","51","","","4.2","49","045-989-1270","https://www.google.com/maps/place/%E3%83%99%E3%83%AB%E3%82%B8%E3%82%A7%E5%8B%95%E7%89%A9%E7%97%85%E9%99%A2/data=!4m7!3m6!1s0x6018f83b2edacef1:0xcc1047ebcf688a5c!8m2!3d35.5374096!4d139.5173794!16s%2Fg%2F11b5pk3v_2!19sChIJ8c7aLjv4GGARXIpoz-tHEMw?authuser=0&hl=ja&g_ep=EgoyMDI2MDgxOS4wIJJjKgBIAVAD&rclk=1",""
"v2-aoba-1n9i69","夕やけの丘動物病院","一般診療候補","横浜市青葉区","神奈川県横浜市青葉区市ケ尾町５１７−２５","35.5435818","139.5485717","window_settlement","7.4","haversine_straight_line","25","planning_estimate_from_straight_line","58","59","","","4.4","217","045-530-9100","https://www.google.com/maps/place/%E5%A4%95%E3%82%84%E3%81%91%E3%81%AE%E4%B8%98%E5%8B%95%E7%89%A9%E7%97%85%E9%99%A2/data=!4m7!3m6!1s0x6018f7db9d0fb23d:0x7e0f092baabd335!8m2!3d35.5435818!4d139.5485717!16s%2Fg%2F1tfcyvqm!19sChIJPbIPndv3GGARNdOrupLw4Ac?authuser=0&hl=ja&g_ep=EgoyMDI2MDgxOS4wIJJjKgBIAVAD&rclk=1",""
"v2-aoba-1aw9utg","たまプラーザどうぶつクリニック","一般診療候補","横浜市青葉区","神奈川県横浜市青葉区美しが丘２丁目２０−１５ ５階","35.5797727","139.558853","needs_confirmation","3.5","haversine_straight_line","14","planning_estimate_from_straight_line","57","65","","","4.5","29","045-511-8268","https://www.google.com/maps/place/%E3%81%9F%E3%81%BE%E3%83%97%E3%83%A9%E3%83%BC%E3%82%B6%E3%81%A9%E3%81%86%E3%81%B6%E3%81%A4%E3%82%AF%E3%83%AA%E3%83%8B%E3%83%83%E3%82%AF/data=!4m7!3m6!1s0x6018f719ff2ccad9:0x1c2c5f1b6422ea17!8m2!3d35.5797727!4d139.558853!16s%2Fg%2F11btww1jnm!19sChIJ2cos_xn3GGARF-oiZBtfLBw?authuser=0&hl=ja&g_ep=EgoyMDI2MDgxOS4wIJJjKgBIAVAD&rclk=1",""
"v2-aoba-oazspb","やまな動物病院","一般診療候補","横浜市青葉区","神奈川県横浜市青葉区市ケ尾町１０５２−１ サニー市ヶ尾","35.548381","139.540366","window_settlement","7.3","haversine_straight_line","25","planning_estimate_from_straight_line","57","58","","","4.6","9","045-974-2250","https://www.google.com/maps/place/%E3%82%84%E3%81%BE%E3%81%AA%E5%8B%95%E7%89%A9%E7%97%85%E9%99%A2/data=!4m7!3m6!1s0x6018f790641e4705:0x8975fa8ef30e5908!8m2!3d35.548381!4d139.540366!16s%2Fg%2F1xgrmzsk!19sChIJBUceZJD3GGARCFkO8476dYk?authuser=0&hl=ja&g_ep=EgoyMDI2MDgxOS4wIJJjKgBIAVAD&rclk=1",""
"v2-aoba-18wdfnb","青葉台犬猫病院","一般診療候補","横浜市青葉区","神奈川県横浜市青葉区つつじが丘３６−２３","35.534167","139.517613","window_settlement","9.8","haversine_straight_line","32","planning_estimate_from_straight_line","54","51","","","4.2","15","045-981-3852","https://www.google.com/maps/place/%E9%9D%92%E8%91%89%E5%8F%B0%E7%8A%AC%E7%8C%AB%E7%97%85%E9%99%A2/data=!4m7!3m6!1s0x6018f83ccb99f2f5:0x1d05446bb3dffc12!8m2!3d35.534167!4d139.517613!16s%2Fg%2F1tvrzs0g!19sChIJ9fKZyzz4GGAREvzfs2tEBR0?authuser=0&hl=ja&g_ep=EgoyMDI2MDgxOS4wIJJjKgBIAVAD&rclk=1",""
"v2-aoba-1oeuiu2","はぎわら動物病院","一般診療候補","横浜市青葉区","神奈川県横浜市青葉区藤が丘１丁目２８−３ ウィスタリア 28 2F","35.5455687","139.529478","window_settlement","8.2","haversine_straight_line","28","planning_estimate_from_straight_line","62","65","","","5","32","045-530-0296","https://www.google.com/maps/place/%E3%81%AF%E3%81%8E%E3%82%8F%E3%82%89%E5%8B%95%E7%89%A9%E7%97%85%E9%99%A2/data=!4m7!3m6!1s0x6018f7afed7bd0b3:0x5e00e1794a106c95!8m2!3d35.5455687!4d139.529478!16s%2Fg%2F11tn6wff37!19sChIJs9B77a_3GGARlWwQSnnhAF4?authuser=0&hl=ja&g_ep=EgoyMDI2MDgxOS4wIJJjKgBIAVAD&rclk=1",""
"v2-aoba-101ymtl","さかい犬猫クリニック","一般診療候補","横浜市青葉区","神奈川県横浜市青葉区鴨志田町５０４−５ サンクレスト","35.559894","139.5071422","needs_confirmation","8.6","haversine_straight_line","29","planning_estimate_from_straight_line","59","62","","","4.8","80","045-530-9832","https://www.google.com/maps/place/%E3%81%95%E3%81%8B%E3%81%84%E7%8A%AC%E7%8C%AB%E3%82%AF%E3%83%AA%E3%83%8B%E3%83%83%E3%82%AF/data=!4m7!3m6!1s0x6018f9bf5d095555:0x719d5e90cf08888c!8m2!3d35.559894!4d139.5071422!16s%2Fg%2F11cmy7ljfk!19sChIJVVUJXb_5GGARjIgIz5BenXE?authuser=0&hl=ja&g_ep=EgoyMDI2MDgxOS4wIJJjKgBIAVAD&rclk=1",""
"v2-aoba-1fl173m","野田動物病院荏田分院","一般診療候補","横浜市青葉区","神奈川県横浜市青葉区荏田町４２８−６ 松澤ビル","35.5604084","139.5611525","window_settlement","5.2","haversine_straight_line","19","planning_estimate_from_straight_line","59","63","","","4.4","18","045-913-2395","https://www.google.com/maps/place/%E9%87%8E%E7%94%B0%E5%8B%95%E7%89%A9%E7%97%85%E9%99%A2%E8%8D%8F%E7%94%B0%E5%88%86%E9%99%A2/data=!4m7!3m6!1s0x6018f7aefd9daaa9:0xf2652e9a3ab3e10c!8m2!3d35.5604084!4d139.5611525!16s%2Fg%2F1td1vh4h!19sChIJqaqd_a73GGARDOGzOpouZfI?authuser=0&hl=ja&g_ep=EgoyMDI2MDgxOS4wIJJjKgBIAVAD&rclk=1",""
"v2-aoba-uo1zld","コルフェ動物病院","一般診療候補","横浜市青葉区","神奈川県横浜市青葉区藤が丘２丁目２９−１０","35.5389451","139.5251034","window_settlement","9","haversine_straight_line","30","planning_estimate_from_straight_line","60","62","","","4.7","47","045-978-1013","https://www.google.com/maps/place/%E3%82%B3%E3%83%AB%E3%83%95%E3%82%A7%E5%8B%95%E7%89%A9%E7%97%85%E9%99%A2/data=!4m7!3m6!1s0x6018f826d172bbf7:0xf936ca55581a1747!8m2!3d35.5389451!4d139.5251034!16s%2Fg%2F1tf7mlvw!19sChIJ97ty0Sb4GGARRxcaWFXKNvk?authuser=0&hl=ja&g_ep=EgoyMDI2MDgxOS4wIJJjKgBIAVAD&rclk=1",""
"v2-aoba-1ptp6hx","もえぎの動物病院","一般診療候補","横浜市青葉区","神奈川県横浜市青葉区柿の木台１−２９","35.5473661","139.5260695","window_settlement","8.2","haversine_straight_line","28","planning_estimate_from_straight_line","57","58","","","4.4","54","045-971-8524","https://www.google.com/maps/place/%E3%82%82%E3%81%88%E3%81%8E%E3%81%AE%E5%8B%95%E7%89%A9%E7%97%85%E9%99%A2/data=!4m7!3m6!1s0x6018f8299a79d3db:0xe8963a862288efad!8m2!3d35.5473661!4d139.5260695!16s%2Fg%2F1tdm8c5z!19sChIJ29N5min4GGARre-IIoY6lug?authuser=0&hl=ja&g_ep=EgoyMDI2MDgxOS4wIJJjKgBIAVAD&rclk=1",""
"v2-tsuzuki-8pkrif","このは動物病院","一般診療候補","横浜市都筑区","神奈川県横浜市都筑区牛久保３丁目３−８ セントラルアベニュ 101","35.5653795","139.5764338","window_settlement","4.3","haversine_straight_line","16","planning_estimate_from_straight_line","60","65","","","4.7","14","045-530-0990","https://www.google.com/maps/place/%E3%81%93%E3%81%AE%E3%81%AF%E5%8B%95%E7%89%A9%E7%97%85%E9%99%A2/data=!4m7!3m6!1s0x6018f78a3790cfa3:0x41c91de399a988af!8m2!3d35.5653795!4d139.5764338!16s%2Fg%2F11tnkmv5nh!19sChIJo8-QN4r3GGARr4ipmeMdyUE?authuser=0&hl=ja&g_ep=EgoyMDI2MDgxOS4wIJJjKgBIAVAD&rclk=1",""
"v2-tsuzuki-2l9g8u","横浜都筑どうぶつ病院","一般診療候補","横浜市都筑区","神奈川県横浜市都筑区茅ケ崎南５丁目１９−２１ フローラかしま 1F","35.5403188","139.5668528","window_settlement","7.2","haversine_straight_line","25","planning_estimate_from_straight_line","61","63","","","4.8","40","045-482-6780","https://www.google.com/maps/place/%E6%A8%AA%E6%B5%9C%E9%83%BD%E7%AD%91%E3%81%A9%E3%81%86%E3%81%B6%E3%81%A4%E7%97%85%E9%99%A2/data=!4m7!3m6!1s0x6018f70ff0962509:0x474d6dbf2c7ddd71!8m2!3d35.5403188!4d139.5668528!16s%2Fg%2F11srhd374f!19sChIJCSWW8A_3GGARcd19LL9tTUc?authuser=0&hl=ja&g_ep=EgoyMDI2MDgxOS4wIJJjKgBIAVAD&rclk=1",""
"v2-tsuzuki-1684i4r","都筑動物病院","一般診療候補","横浜市都筑区","神奈川県横浜市都筑区北山田２丁目２−１９","35.5595519","139.5914565","window_settlement","4.9","haversine_straight_line","18","planning_estimate_from_straight_line","57","60","","","4.1","21","045-593-0097","https://www.google.com/maps/place/%E9%83%BD%E7%AD%91%E5%8B%95%E7%89%A9%E7%97%85%E9%99%A2/data=!4m7!3m6!1s0x6018f66a82977871:0x2f7f9eeb825219cd!8m2!3d35.5595519!4d139.5914565!16s%2Fg%2F1vcl3t8w!19sChIJcXiXgmr2GGARzRlSguuefy8?authuser=0&hl=ja&g_ep=EgoyMDI2MDgxOS4wIJJjKgBIAVAD&rclk=1",""
"v2-tsuzuki-127jy7k","港北どうぶつ病院","一般診療候補","横浜市都筑区","神奈川県横浜市都筑区大棚町３００４−１","35.5476811","139.5780671","window_settlement","6.2","haversine_straight_line","22","planning_estimate_from_straight_line","57","57","","","4.3","72","045-620-5550","https://www.google.com/maps/place/%E6%B8%AF%E5%8C%97%E3%81%A9%E3%81%86%E3%81%B6%E3%81%A4%E7%97%85%E9%99%A2/data=!4m7!3m6!1s0x6018f7d68758bd01:0x793dcc31bb5713f9!8m2!3d35.5476811!4d139.5780671!16s%2Fg%2F11hyt65wd_!19sChIJAb1Yh9b3GGAR-RNXuzHMPXk?authuser=0&hl=ja&g_ep=EgoyMDI2MDgxOS4wIJJjKgBIAVAD&rclk=1",""
"v2-tsuzuki-jzpxw6","ゆみ動物病院","一般診療候補","横浜市都筑区","神奈川県横浜市都筑区荏田南５丁目２３−３３−１０４","35.5514777","139.5613967","window_settlement","6.1","haversine_straight_line","21","planning_estimate_from_straight_line","60","62","","","4.6","144","045-943-8228","https://www.google.com/maps/place/%E3%82%86%E3%81%BF%E5%8B%95%E7%89%A9%E7%97%85%E9%99%A2/data=!4m7!3m6!1s0x6018f7b6fcb81191:0x8b3c093f9b51fa17!8m2!3d35.5514777!4d139.5613967!16s%2Fg%2F11c6q7_jf1!19sChIJkRG4_Lb3GGARF_pRmz8JPIs?authuser=0&hl=ja&g_ep=EgoyMDI2MDgxOS4wIJJjKgBIAVAD&rclk=1",""
"v2-tsuzuki-1ll4wgg","センターきた動物病院","一般診療候補","横浜市都筑区","神奈川県横浜市都筑区中川中央１丁目３８−１８","35.554977","139.580846","needs_confirmation","5.4","haversine_straight_line","19","planning_estimate_from_straight_line","54","59","","","4.2","45","045-914-7920","https://www.google.com/maps/place/%E3%82%BB%E3%83%B3%E3%82%BF%E3%83%BC%E3%81%8D%E3%81%9F%E5%8B%95%E7%89%A9%E7%97%85%E9%99%A2/data=!4m7!3m6!1s0x6018f63844b31a8f:0xf12da4f874cdaea4!8m2!3d35.554977!4d139.580846!16s%2Fg%2F1tjhxq09!19sChIJjxqzRDj2GGARpK7NdPikLfE?authuser=0&hl=ja&g_ep=EgoyMDI2MDgxOS4wIJJjKgBIAVAD&rclk=1",""
"v2-tsuzuki-1wzxfhd","牛久保東ペットクリニック","一般診療候補","横浜市都筑区","神奈川県横浜市都筑区牛久保東１丁目３８−１６","35.5542662","139.5856508","needs_confirmation","5.4","haversine_straight_line","19","planning_estimate_from_straight_line","58","64","","","4.7","25","045-590-2515","https://www.google.com/maps/place/%E7%89%9B%E4%B9%85%E4%BF%9D%E6%9D%B1%E3%83%9A%E3%83%83%E3%83%88%E3%82%AF%E3%83%AA%E3%83%8B%E3%83%83%E3%82%AF/data=!4m7!3m6!1s0x6018f63e9a257a2b:0x76cc927f7f8fddff!8m2!3d35.5542662!4d139.5856508!16s%2Fg%2F1tmg6lst!19sChIJK3olmj72GGAR_92Pf3-SzHY?authuser=0&hl=ja&g_ep=EgoyMDI2MDgxOS4wIJJjKgBIAVAD&rclk=1",""
"v2-tsuzuki-1c04vq8","ジャスミン どうぶつ総合医療センター","一般診療候補","横浜市都筑区","神奈川県横浜市都筑区中川１丁目８−３７","35.5628168","139.5691707","needs_confirmation","4.7","haversine_straight_line","17","planning_estimate_from_straight_line","56","62","","","4.4","162","045-910-1210","https://www.google.com/maps/place/%E3%82%B8%E3%83%A3%E3%82%B9%E3%83%9F%E3%83%B3+%E3%81%A9%E3%81%86%E3%81%B6%E3%81%A4%E7%B7%8F%E5%90%88%E5%8C%BB%E7%99%82%E3%82%BB%E3%83%B3%E3%82%BF%E3%83%BC/data=!4m7!3m6!1s0x6018f7acdf055555:0xccb0178e2db5c190!8m2!3d35.5628168!4d139.5691707!16s%2Fg%2F11bt_nvznh!19sChIJVVUF36z3GGARkMG1LY4XsMw?authuser=0&hl=ja&g_ep=EgoyMDI2MDgxOS4wIJJjKgBIAVAD&rclk=1",""
"v2-tsuzuki-1x3mb0s","ふれあいの丘動物病院","一般診療候補","横浜市都筑区","神奈川県横浜市都筑区葛が谷１５−２２ 1階 Tsuzukiふれあいの丘","35.5362993","139.5621749","window_settlement","7.7","haversine_straight_line","26","planning_estimate_from_straight_line","59","60","","","4.5","60","045-532-3131","https://www.google.com/maps/place/%E3%81%B5%E3%82%8C%E3%81%82%E3%81%84%E3%81%AE%E4%B8%98%E5%8B%95%E7%89%A9%E7%97%85%E9%99%A2/data=!4m7!3m6!1s0x6018f7d14b7ad1dd:0xb479dc399c6367ed!8m2!3d35.5362993!4d139.5621749!16s%2Fg%2F11c5_sljj1!19sChIJ3dF6S9H3GGAR7WdjnDncebQ?authuser=0&hl=ja&g_ep=EgoyMDI2MDgxOS4wIJJjKgBIAVAD&rclk=1",""
"v2-tsuzuki-w1kxm7","センター南動物病院","一般診療候補","横浜市都筑区","神奈川県横浜市都筑区茅ケ崎中央２８−８","35.544106","139.5695216","window_settlement","6.7","haversine_straight_line","23","planning_estimate_from_straight_line","60","61","","","4.7","30","045-530-4771","https://www.google.com/maps/place/%E3%82%BB%E3%83%B3%E3%82%BF%E3%83%BC%E5%8D%97%E5%8B%95%E7%89%A9%E7%97%85%E9%99%A2/data=!4m7!3m6!1s0x6018f632cf57de27:0xb64cd0e135c3877f!8m2!3d35.544106!4d139.5695216!16s%2Fg%2F11dx9345_h!19sChIJJ95XzzL2GGARf4fDNeHQTLY?authuser=0&hl=ja&g_ep=EgoyMDI2MDgxOS4wIJJjKgBIAVAD&rclk=1",""
"v2-tsuzuki-lswnvj","ヒロどうぶつ病院","一般診療候補","横浜市都筑区","神奈川県横浜市都筑区北山田１丁目１５−４","35.5603994","139.5972222","window_settlement","4.9","haversine_straight_line","18","planning_estimate_from_straight_line","57","60","","","4.1","31","045-595-2678","https://www.google.com/maps/place/%E3%83%92%E3%83%AD%E3%81%A9%E3%81%86%E3%81%B6%E3%81%A4%E7%97%85%E9%99%A2/data=!4m7!3m6!1s0x6018f61250df6993:0x21054615b29fc883!8m2!3d35.5603994!4d139.5972222!16s%2Fg%2F1v3ds50h!19sChIJk2nfUBL2GGARg8ifshVGBSE?authuser=0&hl=ja&g_ep=EgoyMDI2MDgxOS4wIJJjKgBIAVAD&rclk=1",""
"v2-tsuzuki-18h1s19","トレフル動物病院","一般診療候補","横浜市都筑区","神奈川県横浜市都筑区中川１丁目７−１０","35.5623216","139.5697779","window_settlement","4.8","haversine_straight_line","17","planning_estimate_from_straight_line","61","67","","","4.7","29","045-910-1002","https://www.google.com/maps/place/%E3%83%88%E3%83%AC%E3%83%95%E3%83%AB%E5%8B%95%E7%89%A9%E7%97%85%E9%99%A2/data=!4m7!3m6!1s0x6018f652c0a7f173:0x35808fd0291d4c03!8m2!3d35.5623216!4d139.5697779!16s%2Fg%2F1tf1bszc!19sChIJc_GnwFL2GGARA0wdKdCPgDU?authuser=0&hl=ja&g_ep=EgoyMDI2MDgxOS4wIJJjKgBIAVAD&rclk=1",""
"v2-tsuzuki-b0qlml","はるひ動物病院","一般診療候補","横浜市都筑区","神奈川県横浜市都筑区サンモール茅ケ崎 1f, ３丁目-６-２７ 茅ケ崎東","35.5411437","139.5800066","window_settlement","6.9","haversine_straight_line","24","planning_estimate_from_straight_line","61","63","","","4.8","39","045-945-2207","https://www.google.com/maps/place/%E3%81%AF%E3%82%8B%E3%81%B2%E5%8B%95%E7%89%A9%E7%97%85%E9%99%A2/data=!4m7!3m6!1s0x6018f6263e3520cf:0x3c4f4e08fba3a823!8m2!3d35.5411437!4d139.5800066!16s%2Fg%2F11b6d02lst!19sChIJzyA1Pib2GGARI6ij-whOTzw?authuser=0&hl=ja&g_ep=EgoyMDI2MDgxOS4wIJJjKgBIAVAD&rclk=1",""
"v2-tsuzuki-1y09ddc","リアン動物病院","一般診療候補","横浜市都筑区","神奈川県横浜市都筑区北山田２丁目１−３ GO第二ビル 102","35.5607928","139.5918423","window_settlement","4.7","haversine_straight_line","17","planning_estimate_from_straight_line","54","57","","","3.9","52","045-534-8058","https://www.google.com/maps/place/%E3%83%AA%E3%82%A2%E3%83%B3%E5%8B%95%E7%89%A9%E7%97%85%E9%99%A2/data=!4m7!3m6!1s0x6018f66b2b2db8fb:0xc77478656f36b43b!8m2!3d35.5607928!4d139.5918423!16s%2Fg%2F1ptz42njf!19sChIJ-7gtK2v2GGARO7Q2b2V4dMc?authuser=0&hl=ja&g_ep=EgoyMDI2MDgxOS4wIJJjKgBIAVAD&rclk=1",""
"v2-tsuzuki-1f3zcn1","ペット医療センター 荏田南総合病院","一般診療候補","横浜市都筑区","神奈川県横浜市都筑区荏田南３丁目３５−５","35.5424464","139.5530829","window_settlement","7.4","haversine_straight_line","25","planning_estimate_from_straight_line","53","52","","","3.9","95","045-949-3113","https://www.google.com/maps/place/%E3%83%9A%E3%83%83%E3%83%88%E5%8C%BB%E7%99%82%E3%82%BB%E3%83%B3%E3%82%BF%E3%83%BC+%E8%8D%8F%E7%94%B0%E5%8D%97%E7%B7%8F%E5%90%88%E7%97%85%E9%99%A2/data=!4m7!3m6!1s0x6018f7c13b227e4b:0x2f7cf04f5a7cd80!8m2!3d35.5424464!4d139.5530829!16s%2Fg%2F1th7myl3!19sChIJS34iO8H3GGARgM2n9QTP9wI?authuser=0&hl=ja&g_ep=EgoyMDI2MDgxOS4wIJJjKgBIAVAD&rclk=1",""
"v2-tsuzuki-mks7ba","さいとう動物病院","一般診療候補","横浜市都筑区","神奈川県横浜市都筑区北山田４丁目８−２０ タカハシビル A-1","35.5634032","139.5840383","needs_confirmation","4.4","haversine_straight_line","16","planning_estimate_from_straight_line","54","59","","","4.2","13","045-915-5519","https://www.google.com/maps/place/%E3%81%95%E3%81%84%E3%81%A8%E3%81%86%E5%8B%95%E7%89%A9%E7%97%85%E9%99%A2/data=!4m7!3m6!1s0x6018f643f5600bc1:0xcafdd7c342f88ff8!8m2!3d35.5634032!4d139.5840383!16s%2Fg%2F1td3rjt2!19sChIJwQtg9UP2GGAR-I_4QsPX_co?authuser=0&hl=ja&g_ep=EgoyMDI2MDgxOS4wIJJjKgBIAVAD&rclk=1",""
"v2-tsuzuki-1dfir24","ニュータウン犬猫病院","一般診療候補","横浜市都筑区","神奈川県横浜市都筑区茅ケ崎中央１０−１ ヴェルドミール","35.5421285","139.5750137","window_settlement","6.9","haversine_straight_line","24","planning_estimate_from_straight_line","60","61","","","4.6","58","045-943-8284","https://www.google.com/maps/place/%E3%83%8B%E3%83%A5%E3%83%BC%E3%82%BF%E3%82%A6%E3%83%B3%E7%8A%AC%E7%8C%AB%E7%97%85%E9%99%A2/data=!4m7!3m6!1s0x6018f62eed737439:0xc6339c38e5d55b67!8m2!3d35.5421285!4d139.5750137!16s%2Fg%2F1tcxzwdm!19sChIJOXRz7S72GGARZ1vV5TicM8Y?authuser=0&hl=ja&g_ep=EgoyMDI2MDgxOS4wIJJjKgBIAVAD&rclk=1",""
"v2-tsuzuki-1kecq9v","すずき動物病院","一般診療候補","横浜市都筑区","神奈川県横浜市都筑区南山田町４０７６−１","35.5528708","139.6005358","needs_confirmation","5.8","haversine_straight_line","20","planning_estimate_from_straight_line","54","59","","","4.2","39","045-593-2333","https://www.google.com/maps/place/%E3%81%99%E3%81%9A%E3%81%8D%E5%8B%95%E7%89%A9%E7%97%85%E9%99%A2/data=!4m7!3m6!1s0x6018f604dfefeda7:0xdfc366e025708f41!8m2!3d35.5528708!4d139.6005358!16s%2Fg%2F1wfcp5ft!19sChIJp-3v3wT2GGARQY9wJeBmw98?authuser=0&hl=ja&g_ep=EgoyMDI2MDgxOS4wIJJjKgBIAVAD&rclk=1",""
"v2-tsuzuki-1fku8kb","東山田動物病院","一般診療候補","横浜市都筑区","神奈川県横浜市都筑区東山田町１７１−１４","35.5542016","139.607148","window_settlement","5.8","haversine_straight_line","20","planning_estimate_from_straight_line","59","63","","","4.5","13","045-590-0606","https://www.google.com/maps/place/%E6%9D%B1%E5%B1%B1%E7%94%B0%E5%8B%95%E7%89%A9%E7%97%85%E9%99%A2/data=!4m7!3m6!1s0x6018f6072118a8bf:0x5ce7d407b622e2ea!8m2!3d35.5542016!4d139.607148!16s%2Fg%2F1tf02j07!19sChIJv6gYIQf2GGAR6uIitgfU51w?authuser=0&hl=ja&g_ep=EgoyMDI2MDgxOS4wIJJjKgBIAVAD&rclk=1",""
"v2-miyamae-1aintmt","岩間動物病院","一般診療候補","川崎市宮前区","神奈川県川崎市宮前区有馬7-5-3","35.572304","139.577408","needs_confirmation","3.5","haversine_straight_line","14","planning_estimate_from_straight_line","52","58","","","","","","https://www.google.com/maps/search/?api=1&query=%E5%B2%A9%E9%96%93%E5%8B%95%E7%89%A9%E7%97%85%E9%99%A2%20%E7%A5%9E%E5%A5%88%E5%B7%9D%E7%9C%8C%E5%B7%9D%E5%B4%8E%E5%B8%82%E5%AE%AE%E5%89%8D%E5%8C%BA%E6%9C%89%E9%A6%AC7-5-3",""
"v2-tama-xnbx3t","獣医科村上医院","一般診療候補","川崎市多摩区","神奈川県川崎市多摩区長沢1-16-18","35.602261","139.541931","needs_confirmation","3.9","haversine_straight_line","15","planning_estimate_from_straight_line","52","58","","","","","","https://www.google.com/maps/search/?api=1&query=%E7%8D%A3%E5%8C%BB%E7%A7%91%E6%9D%91%E4%B8%8A%E5%8C%BB%E9%99%A2%20%E7%A5%9E%E5%A5%88%E5%B7%9D%E7%9C%8C%E5%B7%9D%E5%B4%8E%E5%B8%82%E5%A4%9A%E6%91%A9%E5%8C%BA%E9%95%B7%E6%B2%A21-16-18",""
"v2-aoba-vjusq6","青葉動物病院","一般診療候補","横浜市青葉区","神奈川県横浜市青葉区市ケ尾町1726-3","35.556541","139.53743","needs_confirmation","6.8","haversine_straight_line","23","planning_estimate_from_straight_line","50","50","","","","","","https://www.google.com/maps/search/?api=1&query=%E9%9D%92%E8%91%89%E5%8B%95%E7%89%A9%E7%97%85%E9%99%A2%20%E7%A5%9E%E5%A5%88%E5%B7%9D%E7%9C%8C%E6%A8%AA%E6%B5%9C%E5%B8%82%E9%9D%92%E8%91%89%E5%8C%BA%E5%B8%82%E3%82%B1%E5%B0%BE%E7%94%BA1726-3",""
"v2-aoba-17a3to0","新井動物病院","一般診療候補","横浜市青葉区","神奈川県横浜市青葉区あざみ野南2-4-3","35.561573","139.550537","window_settlement","5.6","haversine_straight_line","20","planning_estimate_from_straight_line","55","58","","","","","","https://www.google.com/maps/search/?api=1&query=%E6%96%B0%E4%BA%95%E5%8B%95%E7%89%A9%E7%97%85%E9%99%A2%20%E7%A5%9E%E5%A5%88%E5%B7%9D%E7%9C%8C%E6%A8%AA%E6%B5%9C%E5%B8%82%E9%9D%92%E8%91%89%E5%8C%BA%E3%81%82%E3%81%96%E3%81%BF%E9%87%8E%E5%8D%972-4-3",""
"v2-aoba-14skdbg","ありす動物眼科クリニック","専門特化Provider","横浜市青葉区","神奈川県横浜市青葉区桂台1-11-20","35.549835","139.507355","window_settlement","9.2","haversine_straight_line","31","planning_estimate_from_straight_line","52","47","","","","","","https://www.google.com/maps/search/?api=1&query=%E3%81%82%E3%82%8A%E3%81%99%E5%8B%95%E7%89%A9%E7%9C%BC%E7%A7%91%E3%82%AF%E3%83%AA%E3%83%8B%E3%83%83%E3%82%AF%20%E7%A5%9E%E5%A5%88%E5%B7%9D%E7%9C%8C%E6%A8%AA%E6%B5%9C%E5%B8%82%E9%9D%92%E8%91%89%E5%8C%BA%E6%A1%82%E5%8F%B01-11-20",""
"v2-aoba-dmy5xe","ペテモ動物病院 青葉台","一般診療候補","横浜市青葉区","神奈川県横浜市青葉区青葉台2-2-2","35.541965","139.514557","window_settlement","9.4","haversine_straight_line","31","planning_estimate_from_straight_line","52","47","","","","","","https://www.google.com/maps/search/?api=1&query=%E3%83%9A%E3%83%86%E3%83%A2%E5%8B%95%E7%89%A9%E7%97%85%E9%99%A2%20%E9%9D%92%E8%91%89%E5%8F%B0%20%E7%A5%9E%E5%A5%88%E5%B7%9D%E7%9C%8C%E6%A8%AA%E6%B5%9C%E5%B8%82%E9%9D%92%E8%91%89%E5%8C%BA%E9%9D%92%E8%91%89%E5%8F%B02-2-2",""
"v2-aoba-4cqsws","美しが丘動物病院","一般診療候補","横浜市青葉区","神奈川県横浜市青葉区美しが丘西3-61-8","35.585888","139.535431","window_settlement","4.9","haversine_straight_line","18","planning_estimate_from_straight_line","55","58","","","","","","https://www.google.com/maps/search/?api=1&query=%E7%BE%8E%E3%81%97%E3%81%8C%E4%B8%98%E5%8B%95%E7%89%A9%E7%97%85%E9%99%A2%20%E7%A5%9E%E5%A5%88%E5%B7%9D%E7%9C%8C%E6%A8%AA%E6%B5%9C%E5%B8%82%E9%9D%92%E8%91%89%E5%8C%BA%E7%BE%8E%E3%81%97%E3%81%8C%E4%B8%98%E8%A5%BF3-61-8",""
"v2-aoba-ll5x07","えだ動物病院","一般診療候補","横浜市青葉区","神奈川県横浜市青葉区荏田北2-5-25","35.555336","139.544159","needs_confirmation","6.5","haversine_straight_line","23","planning_estimate_from_straight_line","50","50","","","","","","https://www.google.com/maps/search/?api=1&query=%E3%81%88%E3%81%A0%E5%8B%95%E7%89%A9%E7%97%85%E9%99%A2%20%E7%A5%9E%E5%A5%88%E5%B7%9D%E7%9C%8C%E6%A8%AA%E6%B5%9C%E5%B8%82%E9%9D%92%E8%91%89%E5%8C%BA%E8%8D%8F%E7%94%B0%E5%8C%972-5-25",""
"v2-aoba-em3jh9","可愛動物病院","一般診療候補","横浜市青葉区","神奈川県横浜市青葉区桜台1-83","35.55043","139.519226","window_settlement","8.4","haversine_straight_line","28","planning_estimate_from_straight_line","53","53","","","","","","https://www.google.com/maps/search/?api=1&query=%E5%8F%AF%E6%84%9B%E5%8B%95%E7%89%A9%E7%97%85%E9%99%A2%20%E7%A5%9E%E5%A5%88%E5%B7%9D%E7%9C%8C%E6%A8%AA%E6%B5%9C%E5%B8%82%E9%9D%92%E8%91%89%E5%8C%BA%E6%A1%9C%E5%8F%B01-83",""
"v2-aoba-1r8ielc","こどもの国動物病院","一般診療候補","横浜市青葉区","神奈川県横浜市青葉区奈良1-19-1","35.555252","139.484131","needs_confirmation","10.6","haversine_straight_line","35","planning_estimate_from_straight_line","49","45","","","","","","https://www.google.com/maps/search/?api=1&query=%E3%81%93%E3%81%A9%E3%82%82%E3%81%AE%E5%9B%BD%E5%8B%95%E7%89%A9%E7%97%85%E9%99%A2%20%E7%A5%9E%E5%A5%88%E5%B7%9D%E7%9C%8C%E6%A8%AA%E6%B5%9C%E5%B8%82%E9%9D%92%E8%91%89%E5%8C%BA%E5%A5%88%E8%89%AF1-19-1",""
"v2-aoba-15zg4xy","古山獣医科","一般診療候補","横浜市青葉区","神奈川県横浜市青葉区榎が丘46-11","35.543324","139.506943","needs_confirmation","9.7","haversine_straight_line","32","planning_estimate_from_straight_line","49","45","","","","","","https://www.google.com/maps/search/?api=1&query=%E5%8F%A4%E5%B1%B1%E7%8D%A3%E5%8C%BB%E7%A7%91%20%E7%A5%9E%E5%A5%88%E5%B7%9D%E7%9C%8C%E6%A8%AA%E6%B5%9C%E5%B8%82%E9%9D%92%E8%91%89%E5%8C%BA%E6%A6%8E%E3%81%8C%E4%B8%9846-11",""
"v2-aoba-6b2tzm","さくら台動物病院","一般診療候補","横浜市青葉区","神奈川県横浜市青葉区青葉台2-35-14","35.548042","139.510315","needs_confirmation","9.2","haversine_straight_line","31","planning_estimate_from_straight_line","49","45","","","","","","https://www.google.com/maps/search/?api=1&query=%E3%81%95%E3%81%8F%E3%82%89%E5%8F%B0%E5%8B%95%E7%89%A9%E7%97%85%E9%99%A2%20%E7%A5%9E%E5%A5%88%E5%B7%9D%E7%9C%8C%E6%A8%AA%E6%B5%9C%E5%B8%82%E9%9D%92%E8%91%89%E5%8C%BA%E9%9D%92%E8%91%89%E5%8F%B02-35-14",""
"v2-aoba-l7qban","鈴木憲太動物病院","一般診療候補","横浜市青葉区","神奈川県横浜市青葉区若草台22-3","35.554359","139.502213","window_settlement","9.3","haversine_straight_line","31","planning_estimate_from_straight_line","52","47","","","","","","https://www.google.com/maps/search/?api=1&query=%E9%88%B4%E6%9C%A8%E6%86%B2%E5%A4%AA%E5%8B%95%E7%89%A9%E7%97%85%E9%99%A2%20%E7%A5%9E%E5%A5%88%E5%B7%9D%E7%9C%8C%E6%A8%AA%E6%B5%9C%E5%B8%82%E9%9D%92%E8%91%89%E5%8C%BA%E8%8B%A5%E8%8D%89%E5%8F%B022-3",""
"v2-aoba-vvksf4","武井ペットクリニック","一般診療候補","横浜市青葉区","神奈川県横浜市青葉区奈良3-21-2","35.548283","139.482834","needs_confirmation","11.1","haversine_straight_line","36","planning_estimate_from_straight_line","49","45","","","","","","https://www.google.com/maps/search/?api=1&query=%E6%AD%A6%E4%BA%95%E3%83%9A%E3%83%83%E3%83%88%E3%82%AF%E3%83%AA%E3%83%8B%E3%83%83%E3%82%AF%20%E7%A5%9E%E5%A5%88%E5%B7%9D%E7%9C%8C%E6%A8%AA%E6%B5%9C%E5%B8%82%E9%9D%92%E8%91%89%E5%8C%BA%E5%A5%88%E8%89%AF3-21-2",""
"v2-aoba-wwj53o","田園山田動物病院","一般診療候補","横浜市青葉区","神奈川県横浜市青葉区市ケ尾町1168-21","35.553688","139.540573","window_settlement","6.8","haversine_straight_line","23","planning_estimate_from_straight_line","53","53","","","","","","https://www.google.com/maps/search/?api=1&query=%E7%94%B0%E5%9C%92%E5%B1%B1%E7%94%B0%E5%8B%95%E7%89%A9%E7%97%85%E9%99%A2%20%E7%A5%9E%E5%A5%88%E5%B7%9D%E7%9C%8C%E6%A8%AA%E6%B5%9C%E5%B8%82%E9%9D%92%E8%91%89%E5%8C%BA%E5%B8%82%E3%82%B1%E5%B0%BE%E7%94%BA1168-21",""
"v2-aoba-44hzij","ちとせペットクリニック","一般診療候補","横浜市青葉区","神奈川県横浜市青葉区桜台29-6","35.550522","139.51442","needs_confirmation","8.7","haversine_straight_line","29","planning_estimate_from_straight_line","50","50","","","","","","https://www.google.com/maps/search/?api=1&query=%E3%81%A1%E3%81%A8%E3%81%9B%E3%83%9A%E3%83%83%E3%83%88%E3%82%AF%E3%83%AA%E3%83%8B%E3%83%83%E3%82%AF%20%E7%A5%9E%E5%A5%88%E5%B7%9D%E7%9C%8C%E6%A8%AA%E6%B5%9C%E5%B8%82%E9%9D%92%E8%91%89%E5%8C%BA%E6%A1%9C%E5%8F%B029-6",""
"v2-aoba-10qtrr2","つきの木動物病院","一般診療候補","横浜市青葉区","神奈川県横浜市青葉区みたけ台28-1","35.55777","139.519455","window_settlement","7.8","haversine_straight_line","26","planning_estimate_from_straight_line","53","53","","","","","","https://www.google.com/maps/search/?api=1&query=%E3%81%A4%E3%81%8D%E3%81%AE%E6%9C%A8%E5%8B%95%E7%89%A9%E7%97%85%E9%99%A2%20%E7%A5%9E%E5%A5%88%E5%B7%9D%E7%9C%8C%E6%A8%AA%E6%B5%9C%E5%B8%82%E9%9D%92%E8%91%89%E5%8C%BA%E3%81%BF%E3%81%9F%E3%81%91%E5%8F%B028-1",""
"v2-aoba-989ju4","ピュア動物病院","一般診療候補","横浜市青葉区","神奈川県横浜市青葉区すみよし台29-4","35.555405","139.49147","window_settlement","10","haversine_straight_line","33","planning_estimate_from_straight_line","52","47","","","","","","https://www.google.com/maps/search/?api=1&query=%E3%83%94%E3%83%A5%E3%82%A2%E5%8B%95%E7%89%A9%E7%97%85%E9%99%A2%20%E7%A5%9E%E5%A5%88%E5%B7%9D%E7%9C%8C%E6%A8%AA%E6%B5%9C%E5%B8%82%E9%9D%92%E8%91%89%E5%8C%BA%E3%81%99%E3%81%BF%E3%82%88%E3%81%97%E5%8F%B029-4",""
"v2-aoba-1bevu0u","フィル動物病院","一般診療候補","横浜市青葉区","神奈川県横浜市青葉区つつじが丘1-14","35.54211","139.520279","window_settlement","9","haversine_straight_line","30","planning_estimate_from_straight_line","53","53","","","","","","https://www.google.com/maps/search/?api=1&query=%E3%83%95%E3%82%A3%E3%83%AB%E5%8B%95%E7%89%A9%E7%97%85%E9%99%A2%20%E7%A5%9E%E5%A5%88%E5%B7%9D%E7%9C%8C%E6%A8%AA%E6%B5%9C%E5%B8%82%E9%9D%92%E8%91%89%E5%8C%BA%E3%81%A4%E3%81%A4%E3%81%98%E3%81%8C%E4%B8%981-14",""
"v2-aoba-pm6nlk","フォレスト動物病院","一般診療候補","横浜市青葉区","神奈川県横浜市青葉区黒須田33-6","35.568722","139.534286","window_settlement","6","haversine_straight_line","21","planning_estimate_from_straight_line","53","53","","","","","","https://www.google.com/maps/search/?api=1&query=%E3%83%95%E3%82%A9%E3%83%AC%E3%82%B9%E3%83%88%E5%8B%95%E7%89%A9%E7%97%85%E9%99%A2%20%E7%A5%9E%E5%A5%88%E5%B7%9D%E7%9C%8C%E6%A8%AA%E6%B5%9C%E5%B8%82%E9%9D%92%E8%91%89%E5%8C%BA%E9%BB%92%E9%A0%88%E7%94%B033-6",""
"v2-aoba-qj99uk","リコの動物病院","一般診療候補","横浜市青葉区","神奈川県横浜市青葉区藤が丘2-3-2","35.543339","139.524857","window_settlement","8.6","haversine_straight_line","29","planning_estimate_from_straight_line","53","53","","","","","","https://www.google.com/maps/search/?api=1&query=%E3%83%AA%E3%82%B3%E3%81%AE%E5%8B%95%E7%89%A9%E7%97%85%E9%99%A2%20%E7%A5%9E%E5%A5%88%E5%B7%9D%E7%9C%8C%E6%A8%AA%E6%B5%9C%E5%B8%82%E9%9D%92%E8%91%89%E5%8C%BA%E8%97%A4%E3%81%8C%E4%B8%982-3-2",""
"v2-aoba-1s4y6l6","レオどうぶつ病院","一般診療候補","横浜市青葉区","神奈川県横浜市青葉区若草台10-1","35.554829","139.508362","window_settlement","8.8","haversine_straight_line","29","planning_estimate_from_straight_line","53","53","","","","","","https://www.google.com/maps/search/?api=1&query=%E3%83%AC%E3%82%AA%E3%81%A9%E3%81%86%E3%81%B6%E3%81%A4%E7%97%85%E9%99%A2%20%E7%A5%9E%E5%A5%88%E5%B7%9D%E7%9C%8C%E6%A8%AA%E6%B5%9C%E5%B8%82%E9%9D%92%E8%91%89%E5%8C%BA%E8%8B%A5%E8%8D%89%E5%8F%B010-1",""
"v2-tsuzuki-ydu3kw","おくつ動物病院","一般診療候補","横浜市都筑区","神奈川県横浜市都筑区荏田南4-27-50","35.551136","139.555374","needs_confirmation","6.4","haversine_straight_line","22","planning_estimate_from_straight_line","50","50","","","","","","https://www.google.com/maps/search/?api=1&query=%E3%81%8A%E3%81%8F%E3%81%A4%E5%8B%95%E7%89%A9%E7%97%85%E9%99%A2%20%E7%A5%9E%E5%A5%88%E5%B7%9D%E7%9C%8C%E6%A8%AA%E6%B5%9C%E5%B8%82%E9%83%BD%E7%AD%91%E5%8C%BA%E8%8D%8F%E7%94%B0%E5%8D%974-27-50",""
"v2-tsuzuki-v6rqrs","加賀原動物病院","一般診療候補","横浜市都筑区","神奈川県横浜市都筑区加賀原1-23-23","35.52301","139.556381","window_settlement","9.3","haversine_straight_line","31","planning_estimate_from_straight_line","52","47","","","","","","https://www.google.com/maps/search/?api=1&query=%E5%8A%A0%E8%B3%80%E5%8E%9F%E5%8B%95%E7%89%A9%E7%97%85%E9%99%A2%20%E7%A5%9E%E5%A5%88%E5%B7%9D%E7%9C%8C%E6%A8%AA%E6%B5%9C%E5%B8%82%E9%83%BD%E7%AD%91%E5%8C%BA%E5%8A%A0%E8%B3%80%E5%8E%9F1-23-23",""
"v2-tsuzuki-1drfv19","まつもと動物病院","一般診療候補","横浜市都筑区","神奈川県横浜市都筑区牛久保西2-21-10","35.55854","139.574463","window_settlement","5.1","haversine_straight_line","18","planning_estimate_from_straight_line","55","58","","","","","","https://www.google.com/maps/search/?api=1&query=%E3%81%BE%E3%81%A4%E3%82%82%E3%81%A8%E5%8B%95%E7%89%A9%E7%97%85%E9%99%A2%20%E7%A5%9E%E5%A5%88%E5%B7%9D%E7%9C%8C%E6%A8%AA%E6%B5%9C%E5%B8%82%E9%83%BD%E7%AD%91%E5%8C%BA%E7%89%9B%E4%B9%85%E4%BF%9D%E8%A5%BF2-21-10",""
"v2-tsuzuki-1l59ghe","横浜もみじ動物病院","一般診療候補","横浜市都筑区","神奈川県横浜市都筑区仲町台5-2-25","35.535217","139.585678","window_settlement","7.6","haversine_straight_line","26","planning_estimate_from_straight_line","53","53","","","","","","https://www.google.com/maps/search/?api=1&query=%E6%A8%AA%E6%B5%9C%E3%82%82%E3%81%BF%E3%81%98%E5%8B%95%E7%89%A9%E7%97%85%E9%99%A2%20%E7%A5%9E%E5%A5%88%E5%B7%9D%E7%9C%8C%E6%A8%AA%E6%B5%9C%E5%B8%82%E9%83%BD%E7%AD%91%E5%8C%BA%E4%BB%B2%E7%94%BA%E5%8F%B05-2-25",""
"v2-tsuzuki-b9560e","MOMOどうぶつ病院","一般診療候補","横浜市都筑区","神奈川県横浜市都筑区仲町台1-8-9","35.535343","139.591125","window_settlement","7.6","haversine_straight_line","26","planning_estimate_from_straight_line","53","53","","","","","","https://www.google.com/maps/search/?api=1&query=MOMO%E3%81%A9%E3%81%86%E3%81%B6%E3%81%A4%E7%97%85%E9%99%A2%20%E7%A5%9E%E5%A5%88%E5%B7%9D%E7%9C%8C%E6%A8%AA%E6%B5%9C%E5%B8%82%E9%83%BD%E7%AD%91%E5%8C%BA%E4%BB%B2%E7%94%BA%E5%8F%B01-8-9",""
"v2-aoba-12nzlk8","あざみ野ペットクリニック","一般診療候補","横浜市青葉区","神奈川県横浜市青葉区あざみ野南2-11-18","35.564358","139.552795","window_settlement","5.2","haversine_straight_line","19","planning_estimate_from_straight_line","55","58","","","","","","https://www.google.com/maps/search/?api=1&query=%E3%81%82%E3%81%96%E3%81%BF%E9%87%8E%E3%83%9A%E3%83%83%E3%83%88%E3%82%AF%E3%83%AA%E3%83%8B%E3%83%83%E3%82%AF%20%E7%A5%9E%E5%A5%88%E5%B7%9D%E7%9C%8C%E6%A8%AA%E6%B5%9C%E5%B8%82%E9%9D%92%E8%91%89%E5%8C%BA%E3%81%82%E3%81%96%E3%81%BF%E9%87%8E%E5%8D%972-11-18",""
"v2-aoba-d5xtz6","サスケ動物病院","一般診療候補","横浜市青葉区","神奈川県横浜市青葉区荏子田2-1-6","35.57872","139.537506","window_settlement","5.1","haversine_straight_line","18","planning_estimate_from_straight_line","55","58","","","","","","https://www.google.com/maps/search/?api=1&query=%E3%82%B5%E3%82%B9%E3%82%B1%E5%8B%95%E7%89%A9%E7%97%85%E9%99%A2%20%E7%A5%9E%E5%A5%88%E5%B7%9D%E7%9C%8C%E6%A8%AA%E6%B5%9C%E5%B8%82%E9%9D%92%E8%91%89%E5%8C%BA%E8%8D%8F%E5%AD%90%E7%94%B02-1-6",""
"v2-aoba-yab4oj","かどのペットクリニック","一般診療候補","横浜市青葉区","神奈川県横浜市青葉区さつきが丘6-11","35.532314","139.517731","window_settlement","10","haversine_straight_line","33","planning_estimate_from_straight_line","52","47","","","","","","https://www.google.com/maps/search/?api=1&query=%E3%81%8B%E3%81%A9%E3%81%AE%E3%83%9A%E3%83%83%E3%83%88%E3%82%AF%E3%83%AA%E3%83%8B%E3%83%83%E3%82%AF%20%E7%A5%9E%E5%A5%88%E5%B7%9D%E7%9C%8C%E6%A8%AA%E6%B5%9C%E5%B8%82%E9%9D%92%E8%91%89%E5%8C%BA%E3%81%95%E3%81%A4%E3%81%8D%E3%81%8C%E4%B8%986-11",""
"v2-aoba-1reluno","さくらの森動物病院","一般診療候補","横浜市青葉区","神奈川県横浜市青葉区あざみ野1-24-5","35.569115","139.548218","window_settlement","5.1","haversine_straight_line","18","planning_estimate_from_straight_line","55","58","","","","","","https://www.google.com/maps/search/?api=1&query=%E3%81%95%E3%81%8F%E3%82%89%E3%81%AE%E6%A3%AE%E5%8B%95%E7%89%A9%E7%97%85%E9%99%A2%20%E7%A5%9E%E5%A5%88%E5%B7%9D%E7%9C%8C%E6%A8%AA%E6%B5%9C%E5%B8%82%E9%9D%92%E8%91%89%E5%8C%BA%E3%81%82%E3%81%96%E3%81%BF%E9%87%8E1-24-5",""
"v2-aoba-1n3aygg","ALLONE動物病院 あざみ野病院","一般診療候補","横浜市青葉区","神奈川県横浜市青葉区あざみ野1-25-3","35.569317","139.546768","needs_confirmation","5.1","haversine_straight_line","18","planning_estimate_from_straight_line","52","55","","","","","","https://www.google.com/maps/search/?api=1&query=ALLONE%E5%8B%95%E7%89%A9%E7%97%85%E9%99%A2%20%E3%81%82%E3%81%96%E3%81%BF%E9%87%8E%E7%97%85%E9%99%A2%20%E7%A5%9E%E5%A5%88%E5%B7%9D%E7%9C%8C%E6%A8%AA%E6%B5%9C%E5%B8%82%E9%9D%92%E8%91%89%E5%8C%BA%E3%81%82%E3%81%96%E3%81%BF%E9%87%8E1-25-3",""
"v2-tsuzuki-9nlqxe","川和町駅前動物病院","一般診療候補","横浜市都筑区","神奈川県横浜市都筑区川和町527","35.526447","139.548965","window_settlement","9.1","haversine_straight_line","30","planning_estimate_from_straight_line","53","53","","","","","","https://www.google.com/maps/search/?api=1&query=%E5%B7%9D%E5%92%8C%E7%94%BA%E9%A7%85%E5%89%8D%E5%8B%95%E7%89%A9%E7%97%85%E9%99%A2%20%E7%A5%9E%E5%A5%88%E5%B7%9D%E7%9C%8C%E6%A8%AA%E6%B5%9C%E5%B8%82%E9%83%BD%E7%AD%91%E5%8C%BA%E5%B7%9D%E5%92%8C%E7%94%BA527",""
"v2-tsuzuki-8nls43","ソルナ動物病院","一般診療候補","横浜市都筑区","神奈川県横浜市都筑区茅ケ崎中央25-8","35.543121","139.570633","needs_confirmation","6.8","haversine_straight_line","23","planning_estimate_from_straight_line","50","50","","","","","","https://www.google.com/maps/search/?api=1&query=%E3%82%BD%E3%83%AB%E3%83%8A%E5%8B%95%E7%89%A9%E7%97%85%E9%99%A2%20%E7%A5%9E%E5%A5%88%E5%B7%9D%E7%9C%8C%E6%A8%AA%E6%B5%9C%E5%B8%82%E9%83%BD%E7%AD%91%E5%8C%BA%E8%8C%85%E3%82%B1%E5%B4%8E%E4%B8%AD%E5%A4%AE25-8",""
"v2-tsuzuki-1w9eqd","グレイスアニマル予防クリニック ノースポート・モール","専門特化Provider","横浜市都筑区","神奈川県横浜市都筑区中川中央1-25-1","35.553181","139.579468","needs_confirmation","5.6","haversine_straight_line","20","planning_estimate_from_straight_line","52","55","","","","","","https://www.google.com/maps/search/?api=1&query=%E3%82%B0%E3%83%AC%E3%82%A4%E3%82%B9%E3%82%A2%E3%83%8B%E3%83%9E%E3%83%AB%E4%BA%88%E9%98%B2%E3%82%AF%E3%83%AA%E3%83%8B%E3%83%83%E3%82%AF%20%E3%83%8E%E3%83%BC%E3%82%B9%E3%83%9D%E3%83%BC%E3%83%88%E3%83%BB%E3%83%A2%E3%83%BC%E3%83%AB%20%E7%A5%9E%E5%A5%88%E5%B7%9D%E7%9C%8C%E6%A8%AA%E6%B5%9C%E5%B8%82%E9%83%BD%E7%AD%91%E5%8C%BA%E4%B8%AD%E5%B7%9D%E4%B8%AD%E5%A4%AE1-25-1",""
"v2-tsuzuki-8cudbp","サクラ犬猫病院","一般診療候補","横浜市都筑区","神奈川県横浜市都筑区桜並木5-10","35.535259","139.57756","needs_confirmation","7.6","haversine_straight_line","26","planning_estimate_from_straight_line","50","50","","","","","","https://www.google.com/maps/search/?api=1&query=%E3%82%B5%E3%82%AF%E3%83%A9%E7%8A%AC%E7%8C%AB%E7%97%85%E9%99%A2%20%E7%A5%9E%E5%A5%88%E5%B7%9D%E7%9C%8C%E6%A8%AA%E6%B5%9C%E5%B8%82%E9%83%BD%E7%AD%91%E5%8C%BA%E6%A1%9C%E4%B8%A6%E6%9C%A85-10",""
"v2-tama-1knuayj","リーポス動物病院","一般診療候補","川崎市多摩区","神奈川県川崎市多摩区中野島6-22-24-101","35.630802","139.552246","window_settlement","4.3","haversine_straight_line","16","planning_estimate_from_straight_line","55","58","","","","","","https://www.google.com/maps/search/?api=1&query=%E3%83%AA%E3%83%BC%E3%83%9D%E3%82%B9%E5%8B%95%E7%89%A9%E7%97%85%E9%99%A2%20%E7%A5%9E%E5%A5%88%E5%B7%9D%E7%9C%8C%E5%B7%9D%E5%B4%8E%E5%B8%82%E5%A4%9A%E6%91%A9%E5%8C%BA%E4%B8%AD%E9%87%8E%E5%B3%B66-22-24-101",""
"v2-takatsu-mu55e4","動物病院「和（なごみ）」","専門特化Provider","川崎市高津区","神奈川県川崎市高津区二子2-11-15 BAKERY&CAFE KOaA内","35.605026","139.620087","window_settlement","3.1","haversine_straight_line","12","planning_estimate_from_straight_line","56","61","","","","","","https://www.google.com/maps/search/?api=1&query=%E5%8B%95%E7%89%A9%E7%97%85%E9%99%A2%E3%80%8C%E5%92%8C%EF%BC%88%E3%81%AA%E3%81%94%E3%81%BF%EF%BC%89%E3%80%8D%20%E7%A5%9E%E5%A5%88%E5%B7%9D%E7%9C%8C%E5%B7%9D%E5%B4%8E%E5%B8%82%E9%AB%98%E6%B4%A5%E5%8C%BA%E4%BA%8C%E5%AD%902-11-15%20BAKERY%26CAFE%20KOaA%E5%86%85",""
"v2-miyamae-1brnrs0","犬猫の歯医者さん 石田動物病院","専門特化Provider","川崎市宮前区","神奈川県川崎市宮前区有馬5-1-1","35.573116","139.57814","window_settlement","3.4","haversine_straight_line","13","planning_estimate_from_straight_line","56","61","","","","","","https://www.google.com/maps/search/?api=1&query=%E7%8A%AC%E7%8C%AB%E3%81%AE%E6%AD%AF%E5%8C%BB%E8%80%85%E3%81%95%E3%82%93%20%E7%9F%B3%E7%94%B0%E5%8B%95%E7%89%A9%E7%97%85%E9%99%A2%20%E7%A5%9E%E5%A5%88%E5%B7%9D%E7%9C%8C%E5%B7%9D%E5%B4%8E%E5%B8%82%E5%AE%AE%E5%89%8D%E5%8C%BA%E6%9C%89%E9%A6%AC5-1-1",""
